dur,proto,service,state,spkts,dpkts,sbytes,dbytes,rate,sload,dload,ct_src_dport_ltm,ct_dst_sport_ltm,is_ftp_login,ct_ftp_cmd,ct_flw_http_mthd,attack_cat,label
9e-06,ddp,-,INT,2,0,200,0,111111.11,8.888889e+07,0.0,1,1,0,0,0,Backdoor,1
9e-06,ipv6-frag,-,INT,2,0,200,0,111111.11,8.888889e+07,0.0,2,2,0,0,0,Backdoor,1
9e-06,cftp,-,INT,2,0,200,0,111111.11,8.888889e+07,0.0,1,1,0,0,0,Backdoor,1
3e-06,wsn,-,INT,2,0,200,0,333333.3,2.6666666e+08,0.0,2,2,0,0,0,Backdoor,1
8e-06,pvp,-,INT,2,0,200,0,125000.0,1e+08,0.0,1,1,0,0,0,Backdoor,1
5e-06,wb-expak,-,INT,2,0,200,0,200000.0,1.6e+08,0.0,2,2,0,0,0,Backdoor,1
8e-06,mtp,-,INT,2,0,200,0,125000.0,1e+08,0.0,2,2,0,0,0,Backdoor,1
5e-06,pri-enc,-,INT,2,0,200,0,200000.0,1.6e+08,0.0,1,1,0,0,0,Backdoor,1
8e-06,sat-mon,-,INT,2,0,200,0,125000.0,1e+08,0.0,2,2,0,0,0,Backdoor,1
2e-06,cphb,-,INT,2,0,200,0,500000.0,4e+08,0.0,2,2,0,0,0,Backdoor,1
8e-06,sun-nd,-,INT,2,0,200,0,125000.0,1e+08,0.0,2,2,0,0,0,Backdoor,1
3e-06,iso-ip,-,INT,2,0,200,0,333333.3,2.6666666e+08,0.0,2,2,0,0,0,Backdoor,1
9e-06,xtp,-,INT,2,0,200,0,111111.11,8.888889e+07,0.0,1,1,0,0,0,Backdoor,1
9e-06,il,-,INT,2,0,200,0,111111.11,8.888889e+07,0.0,1,1,0,0,0,Backdoor,1
4e-06,unas,-,INT,2,0,200,0,250000.0,2e+08,0.0,2,2,0,0,0,Backdoor,1
9e-06,unas,-,INT,2,0,200,0,111111.11,8.888889e+07,0.0,2,2,0,0,0,Backdoor,1
5e-06,unas,-,INT,2,0,200,0,200000.0,1.6e+08,0.0,3,3,0,0,0,Backdoor,1
8e-06,unas,-,INT,2,0,200,0,125000.0,1e+08,0.0,3,3,0,0,0,Backdoor,1
3e-06,mfe-nsp,-,INT,2,0,200,0,333333.3,2.6666666e+08,0.0,1,1,0,0,0,Backdoor,1
8e-06,unas,-,INT,2,0,200,0,125000.0,1e+08,0.0,3,3,0,0,0,Backdoor,1
9e-06,3pc,-,INT,2,0,200,0,111111.11,8.888889e+07,0.0,1,1,0,0,0,Backdoor,1
9e-06,unas,-,INT,2,0,200,0,111111.11,8.888889e+07,0.0,4,4,0,0,0,Analysis,1
9e-06,ipv6-route,-,INT,2,0,200,0,111111.11,8.888889e+07,0.0,2,2,0,0,0,Backdoor,1
3e-06,idrp,-,INT,2,0,200,0,333333.3,2.6666666e+08,0.0,1,1,0,0,0,Backdoor,1
3e-06,bna,-,INT,2,0,200,0,333333.3,2.6666666e+08,0.0,1,1,0,0,0,Backdoor,1
9e-06,unas,-,INT,2,0,200,0,111111.11,8.888889e+07,0.0,2,2,0,0,0,Analysis,1
7e-06,swipe,-,INT,2,0,200,0,142857.14,1.1428571e+08,0.0,3,3,0,0,0,Backdoor,1
8e-06,unas,-,INT,2,0,200,0,125000.0,1e+08,0.0,2,2,0,0,0,Analysis,1
8e-06,unas,-,INT,2,0,200,0,125000.0,1e+08,0.0,2,2,0,0,0,Backdoor,1
8e-06,unas,-,INT,2,0,200,0,125000.0,1e+08,0.0,2,2,0,0,0,Analysis,1
8e-06,unas,-,INT,2,0,200,0,125000.0,1e+08,0.0,6,6,0,0,0,Analysis,1
8e-06,unas,-,INT,2,0,200,0,125000.0,1e+08,0.0,6,6,0,0,0,Analysis,1
9e-06,kryptolan,-,INT,2,0,200,0,111111.11,8.888889e+07,0.0,3,3,0,0,0,Backdoor,1
8e-06,unas,-,INT,2,0,200,0,125000.0,1e+08,0.0,5,5,0,0,0,Analysis,1
8e-06,cpnx,-,INT,2,0,200,0,125000.0,1e+08,0.0,2,2,0,0,0,Backdoor,1
8e-06,unas,-,INT,2,0,200,0,125000.0,1e+08,0.0,4,4,0,0,0,Analysis,1
7e-06,unas,-,INT,2,0,200,0,142857.14,1.1428571e+08,0.0,4,4,0,0,0,Analysis,1
9e-06,rsvp,-,INT,2,0,200,0,111111.11,8.888889e+07,0.0,1,1,0,0,0,Backdoor,1
8e-06,unas,-,INT,2,0,200,0,125000.0,1e+08,0.0,2,2,0,0,0,Backdoor,1
8e-06,wb-mon,-,INT,2,0,200,0,125000.0,1e+08,0.0,1,1,0,0,0,Backdoor,1
9e-06,unas,-,INT,2,0,200,0,111111.11,8.888889e+07,0.0,3,3,0,0,0,Analysis,1
3e-06,unas,-,INT,2,0,200,0,333333.3,2.6666666e+08,0.0,2,2,0,0,0,Backdoor,1
9e-06,unas,-,INT,2,0,200,0,111111.11,8.888889e+07,0.0,3,3,0,0,0,Analysis,1
9e-06,unas,-,INT,2,0,200,0,111111.11,8.888889e+07,0.0,2,2,0,0,0,Backdoor,1
8e-06,vmtp,-,INT,2,0,200,0,125000.0,1e+08,0.0,1,1,0,0,0,Backdoor,1
8e-06,unas,-,INT,2,0,200,0,125000.0,1e+08,0.0,2,2,0,0,0,Backdoor,1
3e-06,unas,-,INT,2,0,200,0,333333.3,2.6666666e+08,0.0,3,3,0,0,0,Backdoor,1
9e-06,ib,-,INT,2,0,200,0,111111.11,8.888889e+07,0.0,2,2,0,0,0,Backdoor,1
3e-06,dgp,-,INT,2,0,200,0,333333.3,2.6666666e+08,0.0,1,1,0,0,0,Backdoor,1
3e-06,eigrp,-,INT,2,0,200,0,333333.3,2.6666666e+08,0.0,2,2,0,0,0,Backdoor,1
6e-06,unas,-,INT,2,0,200,0,166666.66,1.3333333e+08,0.0,1,1,0,0,0,Backdoor,1
3e-06,unas,-,INT,2,0,200,0,333333.3,2.6666666e+08,0.0,3,3,0,0,0,Analysis,1
9e-06,ax.25,-,INT,2,0,200,0,111111.11,8.888889e+07,0.0,2,2,0,0,0,Backdoor,1
9e-06,unas,-,INT,2,0,200,0,111111.11,8.888889e+07,0.0,1,1,0,0,0,Analysis,1
3e-06,unas,-,INT,2,0,200,0,333333.3,2.6666666e+08,0.0,3,3,0,0,0,Backdoor,1
1e-06,unas,-,INT,2,0,200,0,1e+06,8e+08,0.0,1,1,0,0,0,Analysis,1
4e-06,unas,-,INT,2,0,200,0,250000.0,2e+08,0.0,2,2,0,0,0,Analysis,1
3e-06,gmtp,-,INT,2,0,200,0,333333.3,2.6666666e+08,0.0,2,2,0,0,0,Backdoor,1
8e-06,pnni,-,INT,2,0,200,0,125000.0,1e+08,0.0,2,2,0,0,0,Backdoor,1
8e-06,unas,-,INT,2,0,200,0,125000.0,1e+08,0.0,3,3,0,0,0,Analysis,1
6e-06,unas,-,INT,2,0,200,0,166666.66,1.3333333e+08,0.0,3,3,0,0,0,Analysis,1
3e-06,unas,-,INT,2,0,200,0,333333.3,2.6666666e+08,0.0,3,3,0,0,0,Analysis,1
6e-06,unas,-,INT,2,0,200,0,166666.66,1.3333333e+08,0.0,3,3,0,0,0,Backdoor,1
8e-06,unas,-,INT,2,0,200,0,125000.0,1e+08,0.0,3,3,0,0,0,Analysis,1
3e-06,sep,-,INT,2,0,200,0,333333.3,2.6666666e+08,0.0,1,1,0,0,0,Backdoor,1
8e-06,pgm,-,INT,2,0,200,0,125000.0,1e+08,0.0,3,3,0,0,0,Backdoor,1
3e-06,unas,-,INT,2,0,200,0,333333.3,2.6666666e+08,0.0,2,2,0,0,0,Backdoor,1
8e-06,unas,-,INT,2,0,200,0,125000.0,1e+08,0.0,1,1,0,0,0,Analysis,1
8e-06,unas,-,INT,2,0,200,0,125000.0,1e+08,0.0,3,3,0,0,0,Analysis,1
3e-06,idpr-cmtp,-,INT,2,0,200,0,333333.3,2.6666666e+08,0.0,1,1,0,0,0,Backdoor,1
8e-06,unas,-,INT,2,0,200,0,125000.0,1e+08,0.0,3,3,0,0,0,Backdoor,1
8e-06,zero,-,INT,2,0,200,0,125000.0,1e+08,0.0,2,2,0,0,0,Backdoor,1
8e-06,unas,-,INT,2,0,200,0,125000.0,1e+08,0.0,6,6,0,0,0,Backdoor,1
8e-06,unas,-,INT,2,0,200,0,125000.0,1e+08,0.0,6,6,0,0,0,Backdoor,1
8e-06,unas,-,INT,2,0,200,0,125000.0,1e+08,0.0,2,2,0,0,0,Analysis,1
3e-06,unas,-,INT,2,0,200,0,333333.3,2.6666666e+08,0.0,6,6,0,0,0,Backdoor,1
7.200432,rvd,-,INT,4,0,400,0,0.416642,333.31335,0.0,3,3,0,0,0,Backdoor,1
3e-06,unas,-,INT,2,0,200,0,333333.3,2.6666666e+08,0.0,5,5,0,0,0,Backdoor,1
8e-06,mobile,-,INT,2,0,200,0,125000.0,1e+08,0.0,3,3,0,0,0,Backdoor,1
7e-06,narp,-,INT,2,0,200,0,142857.14,1.1428571e+08,0.0,3,3,0,0,0,Backdoor,1
7e-06,unas,-,INT,2,0,200,0,142857.14,1.1428571e+08,0.0,4,4,0,0,0,Analysis,1
9e-06,unas,-,INT,2,0,200,0,111111.11,8.888889e+07,0.0,3,3,0,0,0,Analysis,1
9e-06,unas,-,INT,2,0,200,0,111111.11,8.888889e+07,0.0,4,4,0,0,0,Backdoor,1
8e-06,fc,-,INT,2,0,200,0,125000.0,1e+08,0.0,2,2,0,0,0,Backdoor,1
8e-06,unas,-,INT,2,0,200,0,125000.0,1e+08,0.0,3,3,0,0,0,Backdoor,1
3e-06,unas,-,INT,2,0,200,0,333333.3,2.6666666e+08,0.0,3,3,0,0,0,Analysis,1
8e-06,unas,-,INT,2,0,200,0,125000.0,1e+08,0.0,2,2,0,0,0,Backdoor,1
8e-06,pipe,-,INT,2,0,200,0,125000.0,1e+08,0.0,2,2,0,0,0,Backdoor,1
8e-06,unas,-,INT,2,0,200,0,125000.0,1e+08,0.0,2,2,0,0,0,Backdoor,1
8e-06,unas,-,INT,2,0,200,0,125000.0,1e+08,0.0,3,3,0,0,0,Backdoor,1
8e-06,unas,-,INT,2,0,200,0,125000.0,1e+08,0.0,3,3,0,0,0,Backdoor,1
9e-06,unas,-,INT,2,0,200,0,111111.11,8.888889e+07,0.0,3,3,0,0,0,Backdoor,1
5e-06,unas,-,INT,2,0,200,0,200000.0,1.6e+08,0.0,3,3,0,0,0,Backdoor,1
8e-06,unas,-,INT,2,0,200,0,125000.0,1e+08,0.0,2,2,0,0,0,Backdoor,1
8e-06,unas,-,INT,2,0,200,0,125000.0,1e+08,0.0,2,2,0,0,0,Analysis,1
8e-06,unas,-,INT,2,0,200,0,125000.0,1e+08,0.0,2,2,0,0,0,Backdoor,1
3e-06,unas,-,INT,2,0,200,0,333333.3,2.6666666e+08,0.0,3,3,0,0,0,Analysis,1
1e-06,unas,-,INT,2,0,200,0,1e+06,8e+08,0.0,1,1,0,0,0,Backdoor,1
8e-06,unas,-,INT,2,0,200,0,125000.0,1e+08,0.0,6,6,0,0,0,Analysis,1
3e-06,unas,-,INT,2,0,200,0,333333.3,2.6666666e+08,0.0,2,2,0,0,0,Analysis,1
8e-06,unas,-,INT,2,0,200,0,125000.0,1e+08,0.0,2,2,0,0,0,Analysis,1
8e-06,unas,-,INT,2,0,200,0,125000.0,1e+08,0.0,5,5,0,0,0,Analysis,1
3e-06,unas,-,INT,2,0,200,0,333333.3,2.6666666e+08,0.0,3,3,0,0,0,Analysis,1
9e-06,unas,-,INT,2,0,200,0,111111.11,8.888889e+07,0.0,2,2,0,0,0,Backdoor,1
5e-06,unas,-,INT,2,0,200,0,200000.0,1.6e+08,0.0,2,2,0,0,0,Backdoor,1
0.283214,tcp,http,FIN,10,6,624,268,52.96348,15874.921,6327.3706,1,1,0,0,1,Backdoor,1
0.67547,tcp,ftp,FIN,12,12,2616,682,34.050365,28400.965,7414.0967,2,1,0,0,0,Fuzzers,1
9e-06,unas,-,INT,2,0,200,0,111111.11,8.888889e+07,0.0,3,3,0,0,0,Analysis,1
6e-06,unas,-,INT,2,0,200,0,166666.66,1.3333333e+08,0.0,3,3,0,0,0,Backdoor,1
9e-06,unas,-,INT,2,0,200,0,111111.11,8.888889e+07,0.0,4,4,0,0,0,Backdoor,1
5e-06,unas,-,INT,2,0,200,0,200000.0,1.6e+08,0.0,2,2,0,0,0,Backdoor,1
8e-06,unas,-,INT,2,0,200,0,125000.0,1e+08,0.0,2,2,0,0,0,Backdoor,1
0.758792,tcp,ftp,FIN,12,12,1592,682,30.311338,15392.888,6599.9644,1,1,0,0,0,Fuzzers,1
9e-06,unas,-,INT,2,0,200,0,111111.11,8.888889e+07,0.0,4,4,0,0,0,Backdoor,1
3e-06,unas,-,INT,2,0,200,0,333333.3,2.6666666e+08,0.0,3,3,0,0,0,Backdoor,1
8e-06,unas,-,INT,2,0,200,0,125000.0,1e+08,0.0,3,3,0,0,0,Backdoor,1
55.96858,tcp,ftp,FIN,28,24,1560,1364,0.911226,215.1207,186.96205,1,1,2,2,0,Fuzzers,1
3e-06,unas,-,INT,2,0,200,0,333333.3,2.6666666e+08,0.0,3,3,0,0,0,Backdoor,1
8e-06,ipcomp,-,INT,2,0,200,0,125000.0,1e+08,0.0,2,2,0,0,0,Backdoor,1
8e-06,ipv6-no,-,INT,2,0,200,0,125000.0,1e+08,0.0,1,1,0,0,0,Backdoor,1
8e-06,sat-expak,-,INT,2,0,200,0,125000.0,1e+08,0.0,2,2,0,0,0,Backdoor,1
5e-06,ipv6-opts,-,INT,2,0,200,0,200000.0,1.6e+08,0.0,2,2,0,0,0,Backdoor,1
1.210288,tcp,ftp,FIN,14,12,810,682,20.65624,4977.3276,4137.858,1,1,1,1,0,Fuzzers,1
4e-06,unas,-,INT,2,0,200,0,250000.0,2e+08,0.0,3,3,0,0,0,Backdoor,1
2e-06,snp,-,INT,2,0,200,0,500000.0,4e+08,0.0,1,1,0,0,0,Backdoor,1
8e-06,unas,-,INT,2,0,200,0,125000.0,1e+08,0.0,2,2,0,0,0,Backdoor,1
8e-06,unas,-,INT,2,0,200,0,125000.0,1e+08,0.0,3,3,0,0,0,Analysis,1
3e-06,ipcv,-,INT,2,0,200,0,333333.3,2.6666666e+08,0.0,2,2,0,0,0,Backdoor,1
8e-06,br-sat-mon,-,INT,2,0,200,0,125000.0,1e+08,0.0,2,2,0,0,0,Backdoor,1
8e-06,unas,-,INT,2,0,200,0,125000.0,1e+08,0.0,2,2,0,0,0,Analysis,1
3e-06,unas,-,INT,2,0,200,0,333333.3,2.6666666e+08,0.0,3,3,0,0,0,Analysis,1
6e-06,ttp,-,INT,2,0,200,0,166666.66,1.3333333e+08,0.0,2,2,0,0,0,Backdoor,1
3e-06,tcf,-,INT,2,0,200,0,333333.3,2.6666666e+08,0.0,2,2,0,0,0,Backdoor,1
8e-06,ospf,-,INT,2,0,200,0,125000.0,1e+08,0.0,2,2,0,0,0,Backdoor,1
3e-06,nsfnet-igp,-,INT,2,0,200,0,333333.3,2.6666666e+08,0.0,1,1,0,0,0,Backdoor,1
5e-06,sprite-rpc,-,INT,2,0,200,0,200000.0,1.6e+08,0.0,2,2,0,0,0,Backdoor,1
5e-06,aes-sp3-d,-,INT,2,0,200,0,200000.0,1.6e+08,0.0,2,2,0,0,0,Backdoor,1
8e-06,sccopmce,-,INT,2,0,200,0,125000.0,1e+08,0.0,1,1,0,0,0,Backdoor,1
9e-06,unas,-,INT,2,0,200,0,111111.11,8.888889e+07,0.0,2,2,0,0,0,Backdoor,1
9e-06,unas,-,INT,2,0,200,0,111111.11,8.888889e+07,0.0,4,4,0,0,0,Analysis,1
8e-06,unas,-,INT,2,0,200,0,125000.0,1e+08,0.0,4,4,0,0,0,Analysis,1
8e-06,sctp,-,INT,2,0,200,0,125000.0,1e+08,0.0,2,2,0,0,0,Backdoor,1
3e-06,qnx,-,INT,2,0,200,0,333333.3,2.6666666e+08,0.0,2,2,0,0,0,Backdoor,1
3e-06,scps,-,INT,2,0,200,0,333333.3,2.6666666e+08,0.0,2,2,0,0,0,Backdoor,1
3e-06,etherip,-,INT,2,0,200,0,333333.3,2.6666666e+08,0.0,2,2,0,0,0,Backdoor,1
9e-06,unas,-,INT,2,0,200,0,111111.11,8.888889e+07,0.0,4,4,0,0,0,Analysis,1
9e-06,unas,-,INT,2,0,200,0,111111.11,8.888889e+07,0.0,4,4,0,0,0,Backdoor,1
8e-06,unas,-,INT,2,0,200,0,125000.0,1e+08,0.0,4,4,0,0,0,Backdoor,1
9e-06,aris,-,INT,2,0,200,0,111111.11,8.888889e+07,0.0,1,1,0,0,0,Backdoor,1
5e-06,unas,-,INT,2,0,200,0,200000.0,1.6e+08,0.0,2,2,0,0,0,Backdoor,1
3e-06,pim,-,INT,2,0,200,0,333333.3,2.6666666e+08,0.0,2,2,0,0,0,Backdoor,1
8e-06,unas,-,INT,2,0,200,0,125000.0,1e+08,0.0,4,4,0,0,0,Backdoor,1
8e-06,compaq-peer,-,INT,2,0,200,0,125000.0,1e+08,0.0,1,1,0,0,0,Backdoor,1
5e-06,unas,-,INT,2,0,200,0,200000.0,1.6e+08,0.0,4,4,0,0,0,Backdoor,1
6e-06,unas,-,INT,2,0,200,0,166666.66,1.3333333e+08,0.0,2,2,0,0,0,Backdoor,1
8e-06,vrrp,-,INT,2,0,200,0,125000.0,1e+08,0.0,3,3,0,0,0,Backdoor,1
8e-06,iatp,-,INT,2,0,200,0,125000.0,1e+08,0.0,2,2,0,0,0,Backdoor,1
2e-06,stp,-,INT,2,0,200,0,500000.0,4e+08,0.0,2,2,0,0,0,Backdoor,1
8e-06,l2tp,-,INT,2,0,200,0,125000.0,1e+08,0.0,2,2,0,0,0,Backdoor,1
5e-06,srp,-,INT,2,0,200,0,200000.0,1.6e+08,0.0,2,2,0,0,0,Backdoor,1
8e-06,sm,-,INT,2,0,200,0,125000.0,1e+08,0.0,1,1,0,0,0,Backdoor,1
8e-06,unas,-,INT,2,0,200,0,125000.0,1e+08,0.0,3,3,0,0,0,Backdoor,1
8e-06,isis,-,INT,2,0,200,0,125000.0,1e+08,0.0,2,2,0,0,0,Backdoor,1
8e-06,unas,-,INT,2,0,200,0,125000.0,1e+08,0.0,1,1,0,0,0,Backdoor,1
5e-06,smp,-,INT,2,0,200,0,200000.0,1.6e+08,0.0,1,1,0,0,0,Backdoor,1
4e-06,unas,-,INT,2,0,200,0,250000.0,2e+08,0.0,3,3,0,0,0,Backdoor,1
1e-06,fire,-,INT,2,0,200,0,1e+06,8e+08,0.0,1,1,0,0,0,Backdoor,1
3e-06,ptp,-,INT,2,0,200,0,333333.3,2.6666666e+08,0.0,2,2,0,0,0,Backdoor,1
7e-06,unas,-,INT,2,0,200,0,142857.14,1.1428571e+08,0.0,1,1,0,0,0,Analysis,1
9e-06,unas,-,INT,2,0,200,0,111111.11,8.888889e+07,0.0,2,2,0,0,0,Backdoor,1
3e-06,crtp,-,INT,2,0,200,0,333333.3,2.6666666e+08,0.0,2,2,0,0,0,Backdoor,1
1e-06,unas,-,INT,2,0,200,0,1e+06,8e+08,0.0,1,1,0,0,0,Analysis,1
8e-06,unas,-,INT,2,0,200,0,125000.0,1e+08,0.0,2,2,0,0,0,Analysis,1
9e-06,unas,-,INT,2,0,200,0,111111.11,8.888889e+07,0.0,1,1,0,0,0,Analysis,1
5e-06,sps,-,INT,2,0,200,0,200000.0,1.6e+08,0.0,2,2,0,0,0,Backdoor,1
9e-06,unas,-,INT,2,0,200,0,111111.11,8.888889e+07,0.0,2,2,0,0,0,Backdoor,1
7e-06,unas,-,INT,2,0,200,0,142857.14,1.1428571e+08,0.0,4,4,0,0,0,Backdoor,1
8e-06,unas,-,INT,2,0,200,0,125000.0,1e+08,0.0,2,2,0,0,0,Backdoor,1
9e-06,unas,-,INT,2,0,200,0,111111.11,8.888889e+07,0.0,2,2,0,0,0,Analysis,1
8e-06,unas,-,INT,2,0,200,0,125000.0,1e+08,0.0,2,2,0,0,0,Backdoor,1
9e-06,unas,-,INT,2,0,200,0,111111.11,8.888889e+07,0.0,1,1,0,0,0,Backdoor,1
8e-06,unas,-,INT,2,0,200,0,125000.0,1e+08,0.0,3,3,0,0,0,Analysis,1
8e-06,unas,-,INT,2,0,200,0,125000.0,1e+08,0.0,2,2,0,0,0,Backdoor,1
3e-06,unas,-,INT,2,0,200,0,333333.3,2.6666666e+08,0.0,2,2,0,0,0,Backdoor,1
8e-06,unas,-,INT,2,0,200,0,125000.0,1e+08,0.0,2,2,0,0,0,Backdoor,1
5e-06,unas,-,INT,2,0,200,0,200000.0,1.6e+08,0.0,3,3,0,0,0,Analysis,1
8e-06,unas,-,INT,2,0,200,0,125000.0,1e+08,0.0,2,2,0,0,0,Analysis,1
8e-06,unas,-,INT,2,0,200,0,125000.0,1e+08,0.0,3,3,0,0,0,Analysis,1
8e-06,unas,-,INT,2,0,200,0,125000.0,1e+08,0.0,3,3,0,0,0,Backdoor,1
3e-06,unas,-,INT,2,0,200,0,333333.3,2.6666666e+08,0.0,3,3,0,0,0,Backdoor,1
8e-06,unas,-,INT,2,0,200,0,125000.0,1e+08,0.0,1,1,0,0,0,Analysis,1
9e-06,unas,-,INT,2,0,200,0,111111.11,8.888889e+07,0.0,1,1,0,0,0,Backdoor,1
4e-06,unas,-,INT,2,0,200,0,250000.0,2e+08,0.0,3,3,0,0,0,Analysis,1
0.232816,tcp,-,FIN,10,6,520,268,64.428566,16081.369,7697.0654,3,1,0,0,0,Fuzzers,1
3e-06,unas,-,INT,2,0,200,0,333333.3,2.6666666e+08,0.0,3,3,0,0,0,Analysis,1
0.414332,tcp,-,FIN,10,6,604,268,36.20285,10503.654,4325.034,1,1,0,0,0,Fuzzers,1
1e-06,unas,-,INT,2,0,200,0,1e+06,8e+08,0.0,1,1,0,0,0,Backdoor,1
9e-06,unas,-,INT,2,0,200,0,111111.11,8.888889e+07,0.0,3,3,0,0,0,Backdoor,1
8e-06,unas,-,INT,2,0,200,0,125000.0,1e+08,0.0,1,1,0,0,0,Analysis,1
7e-06,unas,-,INT,2,0,200,0,142857.14,1.1428571e+08,0.0,1,1,0,0,0,Backdoor,1
8e-06,unas,-,INT,2,0,200,0,125000.0,1e+08,0.0,2,2,0,0,0,Backdoor,1
0.765948,tcp,ftp,FIN,14,12,750,682,32.639294,7279.8677,6538.3027,1,1,1,1,0,Fuzzers,1
9e-06,unas,-,INT,2,0,200,0,111111.11,8.888889e+07,0.0,1,1,0,0,0,Backdoor,1
5e-06,unas,-,INT,2,0,200,0,200000.0,1.6e+08,0.0,2,2,0,0,0,Analysis,1
0.96005,tcp,ftp,FIN,14,12,750,682,26.040312,5808.031,5216.395,1,1,1,1,0,Fuzzers,1
8e-06,unas,-,INT,2,0,200,0,125000.0,1e+08,0.0,2,2,0,0,0,Analysis,1
9e-06,merit-inp,-,INT,2,0,200,0,111111.11,8.888889e+07,0.0,1,1,0,0,0,Backdoor,1
8e-06,unas,-,INT,2,0,200,0,125000.0,1e+08,0.0,3,3,0,0,0,Backdoor,1
3e-06,idpr,-,INT,2,0,200,0,333333.3,2.6666666e+08,0.0,1,1,0,0,0,Backdoor,1
6e-06,unas,-,INT,2,0,200,0,166666.66,1.3333333e+08,0.0,3,3,0,0,0,Backdoor,1
3e-06,unas,-,INT,2,0,200,0,333333.3,2.6666666e+08,0.0,3,3,0,0,0,Backdoor,1
0.394325,tcp,-,FIN,10,6,534,268,38.03969,9758.448,4544.475,1,1,0,0,0,Fuzzers,1
3e-06,unas,-,INT,2,0,200,0,333333.3,2.6666666e+08,0.0,3,3,0,0,0,Backdoor,1
3e-06,unas,-,INT,2,0,200,0,333333.3,2.6666666e+08,0.0,2,2,0,0,0,Analysis,1
8e-06,unas,-,INT,2,0,200,0,125000.0,1e+08,0.0,1,1,0,0,0,Backdoor,1
8e-06,unas,-,INT,2,0,200,0,125000.0,1e+08,0.0,3,3,0,0,0,Analysis,1
8e-06,unas,-,INT,2,0,200,0,125000.0,1e+08,0.0,6,6,0,0,0,Analysis,1
8e-06,unas,-,INT,2,0,200,0,125000.0,1e+08,0.0,6,6,0,0,0,Backdoor,1
9e-06,skip,-,INT,2,0,200,0,111111.11,8.888889e+07,0.0,2,2,0,0,0,Backdoor,1
9e-06,unas,-,INT,2,0,200,0,111111.11,8.888889e+07,0.0,2,2,0,0,0,Analysis,1
8e-06,unas,-,INT,2,0,200,0,125000.0,1e+08,0.0,2,2,0,0,0,Backdoor,1
8e-06,any,-,INT,2,0,200,0,125000.0,1e+08,0.0,2,2,0,0,0,Backdoor,1
31.56226,tcp,-,FIN,20,12,2216,536,0.982186,533.80206,124.7059,3,3,0,0,0,Fuzzers,1
9e-06,unas,-,INT,2,0,200,0,111111.11,8.888889e+07,0.0,4,4,0,0,0,Backdoor,1
0.390183,tcp,-,FIN,10,6,2558,268,38.4435,47218.867,4592.717,1,1,0,0,0,Fuzzers,1
0.242112,tcp,-,FIN,10,6,532,268,61.9548,15827.386,7401.533,3,1,0,0,0,Fuzzers,1
3e-06,unas,-,INT,2,0,200,0,333333.3,2.6666666e+08,0.0,6,6,0,0,0,Analysis,1
41.066822,tcp,-,FIN,20,12,1670,536,0.754867,309.15466,95.843796,4,3,0,0,0,Fuzzers,1
9e-06,any,-,INT,2,0,200,0,111111.11,8.888889e+07,0.0,2,2,0,0,0,Backdoor,1
8e-06,unas,-,INT,2,0,200,0,125000.0,1e+08,0.0,4,4,0,0,0,Backdoor,1
9e-06,unas,-,INT,2,0,200,0,111111.11,8.888889e+07,0.0,4,4,0,0,0,Backdoor,1
3e-06,udp,-,INT,2,0,104,0,333333.3,1.3866666e+08,0.0,1,1,0,0,0,Fuzzers,1
31.519764,tcp,-,FIN,20,12,1302,536,0.98351,313.96173,124.87403,4,3,0,0,0,Fuzzers,1
0.373618,tcp,-,FIN,10,6,892,268,40.147957,17194.031,4796.343,1,1,0,0,0,Fuzzers,1
9e-06,unas,-,INT,2,0,200,0,111111.11,8.888889e+07,0.0,3,3,0,0,0,Analysis,1
1.444385,tcp,ftp,FIN,14,12,810,682,17.308405,4170.633,3467.2195,1,1,1,1,0,Fuzzers,1
3e-06,unas,-,INT,2,0,200,0,333333.3,2.6666666e+08,0.0,5,5,0,0,0,Analysis,1
0.31597,tcp,-,FIN,10,6,518,268,47.472862,11823.907,5671.4243,2,1,0,0,0,Fuzzers,1
7e-06,unas,-,INT,2,0,200,0,142857.14,1.1428571e+08,0.0,4,4,0,0,0,Backdoor,1
3e-06,unas,-,INT,2,0,200,0,333333.3,2.6666666e+08,0.0,4,4,0,0,0,Analysis,1
9e-06,unas,-,INT,2,0,200,0,111111.11,8.888889e+07,0.0,3,3,0,0,0,Backdoor,1
3e-06,unas,-,INT,2,0,200,0,333333.3,2.6666666e+08,0.0,3,3,0,0,0,Backdoor,1
8e-06,unas,-,INT,2,0,200,0,125000.0,1e+08,0.0,2,2,0,0,0,Backdoor,1
0.645937,tcp,-,FIN,10,6,766,268,23.222078,8545.725,2774.2642,1,1,0,0,0,Fuzzers,1
1.407269,tcp,ftp,FIN,14,12,810,682,17.764906,4280.6313,3558.6658,1,1,1,1,0,Fuzzers,1
31.56226,tcp,-,FIN,20,12,2216,536,0.982186,533.80206,124.7059,3,3,0,0,0,Fuzzers,1
0.36213,tcp,-,FIN,10,6,610,268,41.421593,12128.241,4948.4995,2,1,0,0,0,Fuzzers,1
5e-06,unas,-,INT,2,0,200,0,200000.0,1.6e+08,0.0,2,2,0,0,0,Analysis,1
0.410453,tcp,-,FIN,10,6,846,268,36.54499,14851.884,4365.908,1,1,0,0,0,Backdoor,1
9e-06,unas,-,INT,2,0,200,0,111111.11,8.888889e+07,0.0,3,3,0,0,0,Backdoor,1
9e-06,ib,-,INT,2,0,200,0,111111.11,8.888889e+07,0.0,2,2,0,0,0,Analysis,1
5e-06,larp,-,INT,2,0,200,0,200000.0,1.6e+08,0.0,2,2,0,0,0,Backdoor,1
9e-06,ipip,-,INT,2,0,200,0,111111.11,8.888889e+07,0.0,2,2,0,0,0,Backdoor,1
3e-06,micp,-,INT,2,0,200,0,333333.3,2.6666666e+08,0.0,2,2,0,0,0,Backdoor,1
9e-06,encap,-,INT,2,0,200,0,111111.11,8.888889e+07,0.0,2,2,0,0,0,Backdoor,1
5e-06,ifmp,-,INT,2,0,200,0,200000.0,1.6e+08,0.0,2,2,0,0,0,Backdoor,1
8e-06,tp++,-,INT,2,0,200,0,125000.0,1e+08,0.0,1,1,0,0,0,Backdoor,1
2e-06,a/n,-,INT,2,0,200,0,500000.0,4e+08,0.0,2,2,0,0,0,Backdoor,1
2e-06,ipv6,-,INT,2,0,200,0,500000.0,4e+08,0.0,1,1,0,0,0,Backdoor,1
9e-06,i-nlsp,-,INT,2,0,200,0,111111.11,8.888889e+07,0.0,1,1,0,0,0,Backdoor,1
9e-06,ipx-n-ip,-,INT,2,0,200,0,111111.11,8.888889e+07,0.0,3,3,0,0,0,Backdoor,1
9e-06,sdrp,-,INT,2,0,200,0,111111.11,8.888889e+07,0.0,1,1,0,0,0,Backdoor,1
2e-06,rsvp,-,INT,2,0,200,0,500000.0,4e+08,0.0,1,1,0,0,0,Backdoor,1
9e-06,unas,-,INT,2,0,200,0,111111.11,8.888889e+07,0.0,2,2,0,0,0,Backdoor,1
8e-06,tlsp,-,INT,2,0,200,0,125000.0,1e+08,0.0,2,2,0,0,0,Backdoor,1
3e-06,gre,-,INT,2,0,200,0,333333.3,2.6666666e+08,0.0,2,2,0,0,0,Backdoor,1
9e-06,mhrp,-,INT,2,0,200,0,111111.11,8.888889e+07,0.0,2,2,0,0,0,Backdoor,1
5e-06,ddx,-,INT,2,0,200,0,200000.0,1.6e+08,0.0,1,1,0,0,0,Backdoor,1
4e-06,udp,-,INT,2,0,104,0,250000.0,1.04e+08,0.0,2,2,0,0,0,Fuzzers,1
0.658425,tcp,-,FIN,20,8,17286,354,41.00695,199530.7,3766.5642,2,2,0,0,0,Fuzzers,1
3e-06,ippc,-,INT,2,0,200,0,333333.3,2.6666666e+08,0.0,3,3,0,0,0,Backdoor,1
5e-06,any,-,INT,2,0,200,0,200000.0,1.6e+08,0.0,1,1,0,0,0,Backdoor,1
1e-06,visa,-,INT,2,0,200,0,1e+06,8e+08,0.0,2,2,0,0,0,Backdoor,1
0.754877,tcp,ftp,FIN,12,12,632,682,30.46854,6146.697,6634.194,1,1,0,0,0,Fuzzers,1
0.921728,tcp,ftp,FIN,22,14,17352,768,37.972157,143764.75,6197.0557,1,1,0,0,0,Fuzzers,1
1.211159,tcp,ftp,FIN,12,12,632,682,18.990074,3831.0413,4134.8823,1,1,0,0,0,Fuzzers,1
0.779948,tcp,ftp,FIN,12,12,824,682,29.489145,7754.3633,6420.941,1,1,0,0,0,Fuzzers,1
0.788997,tcp,ftp,FIN,12,12,2616,682,29.150934,24314.414,6347.2993,1,1,0,0,0,Fuzzers,1
0.858313,tcp,-,FIN,10,8,534,354,19.806293,4483.213,2889.3887,1,1,0,0,0,Fuzzers,1
9e-06,unas,-,INT,2,0,200,0,111111.11,8.888889e+07,0.0,4,4,0,0,0,Analysis,1
1.574115,tcp,ftp,FIN,14,12,810,682,15.88194,3826.912,3181.4702,2,1,1,1,0,Fuzzers,1
0.651312,tcp,ftp,FIN,12,12,1592,682,35.313335,17933.033,7689.095,1,1,0,0,0,Fuzzers,1
9e-06,udp,-,INT,2,0,104,0,111111.11,4.622222e+07,0.0,1,1,0,0,0,Fuzzers,1
0.691876,tcp,-,FIN,10,6,2530,268,21.680185,26328.418,2590.0596,3,1,0,0,0,Fuzzers,1
1e-06,unas,-,INT,2,0,200,0,1e+06,8e+08,0.0,2,2,0,0,0,Backdoor,1
1.714032,tcp,-,FIN,34,12,36414,526,26.253885,164958.4,2254.3335,3,2,0,0,0,Fuzzers,1
6e-06,unas,-,INT,2,0,200,0,166666.66,1.3333333e+08,0.0,2,2,0,0,0,Backdoor,1
9e-06,unas,-,INT,2,0,200,0,111111.11,8.888889e+07,0.0,3,3,0,0,0,Backdoor,1
1.491358,tcp,ftp,FIN,12,12,824,682,15.422185,4055.3643,3358.0132,1,1,0,0,0,Fuzzers,1
8e-06,unas,-,INT,2,0,200,0,125000.0,1e+08,0.0,3,3,0,0,0,Analysis,1
6e-06,unas,-,INT,2,0,200,0,166666.66,1.3333333e+08,0.0,3,3,0,0,0,Analysis,1
3e-06,unas,-,INT,2,0,200,0,333333.3,2.6666666e+08,0.0,1,1,0,0,0,Backdoor,1
3e-06,unas,-,INT,2,0,200,0,333333.3,2.6666666e+08,0.0,3,3,0,0,0,Analysis,1
6e-06,unas,-,INT,2,0,200,0,166666.66,1.3333333e+08,0.0,3,3,0,0,0,Analysis,1
0.979832,tcp,ftp,FIN,12,12,572,682,23.473412,4286.449,5111.08,2,1,0,0,0,Fuzzers,1
5e-06,unas,-,INT,2,0,200,0,200000.0,1.6e+08,0.0,4,4,0,0,0,Analysis,1
4e-06,unas,-,INT,2,0,200,0,250000.0,2e+08,0.0,3,3,0,0,0,Analysis,1
41.066822,tcp,-,FIN,20,12,1670,536,0.754867,309.15466,95.843796,4,3,0,0,0,Fuzzers,1
9e-06,unas,-,INT,2,0,200,0,111111.11,8.888889e+07,0.0,4,4,0,0,0,Analysis,1
9e-06,udp,-,INT,2,0,104,0,111111.11,4.622222e+07,0.0,1,1,0,0,0,Fuzzers,1
3e-06,unas,-,INT,2,0,200,0,333333.3,2.6666666e+08,0.0,3,3,0,0,0,Backdoor,1
9e-06,unas,-,INT,2,0,200,0,111111.11,8.888889e+07,0.0,2,2,0,0,0,Backdoor,1
1.439511,tcp,ftp,FIN,14,12,810,682,17.367008,4184.7544,3478.9592,1,1,1,1,0,Fuzzers,1
8e-06,unas,-,INT,2,0,200,0,125000.0,1e+08,0.0,2,2,0,0,0,Analysis,1
0.941119,tcp,ftp,FIN,14,12,798,682,26.564121,6298.885,5321.3247,1,1,1,1,0,Fuzzers,1
0.448242,tcp,-,FIN,10,6,574,268,33.464066,9227.158,3997.8403,3,2,0,0,0,Fuzzers,1
5e-06,unas,-,INT,2,0,200,0,200000.0,1.6e+08,0.0,1,1,0,0,0,Backdoor,1
8e-06,unas,-,INT,2,0,200,0,125000.0,1e+08,0.0,6,6,0,0,0,Backdoor,1
0.89836,tcp,ftp,FIN,14,12,810,682,27.828487,6705.5522,5574.6025,1,1,1,1,0,Fuzzers,1
0.421859,tcp,-,FIN,10,6,526,268,35.556904,8988.785,4247.8647,1,1,0,0,0,Fuzzers,1
0.486094,tcp,-,FIN,10,6,2050,268,30.858229,30364.498,3686.5298,1,1,0,0,0,Fuzzers,1
0.991343,tcp,ftp,FIN,14,12,798,682,25.218313,5979.7666,5051.733,1,1,1,1,0,Fuzzers,1
8e-06,unas,-,INT,2,0,200,0,125000.0,1e+08,0.0,2,2,0,0,0,Analysis,1
34.455128,tcp,ftp,FIN,30,24,1610,1364,1.538233,361.51367,303.69934,2,2,2,2,0,Fuzzers,1
3e-06,unas,-,INT,2,0,200,0,333333.3,2.6666666e+08,0.0,3,3,0,0,0,Backdoor,1
8e-06,secure-vmtp,-,INT,2,0,200,0,125000.0,1e+08,0.0,1,1,0,0,0,Backdoor,1
8e-06,uti,-,INT,2,0,200,0,125000.0,1e+08,0.0,2,2,0,0,0,Backdoor,1
8e-06,unas,-,INT,2,0,200,0,125000.0,1e+08,0.0,3,3,0,0,0,Backdoor,1
8e-06,unas,-,INT,2,0,200,0,125000.0,1e+08,0.0,5,5,0,0,0,Backdoor,1
6e-06,vines,-,INT,2,0,200,0,166666.66,1.3333333e+08,0.0,2,2,0,0,0,Backdoor,1
8e-06,unas,-,INT,2,0,200,0,125000.0,1e+08,0.0,1,1,0,0,0,Backdoor,1
2.303635,tcp,http,FIN,24,48,8012,43634,30.820856,26667.42,148374.2,1,1,0,0,1,Backdoor,1
5e-06,udp,-,INT,2,0,104,0,200000.0,8.32e+07,0.0,1,1,0,0,0,Fuzzers,1
6e-06,unas,-,INT,2,0,200,0,166666.66,1.3333333e+08,0.0,5,5,0,0,0,Analysis,1
8e-06,udp,-,INT,2,0,104,0,125000.0,5.2e+07,0.0,2,1,0,0,0,Fuzzers,1
3e-06,crudp,-,INT,2,0,200,0,333333.3,2.6666666e+08,0.0,2,2,0,0,0,Backdoor,1
3e-06,unas,-,INT,2,0,200,0,333333.3,2.6666666e+08,0.0,2,2,0,0,0,Backdoor,1
9e-06,unas,-,INT,2,0,200,0,111111.11,8.888889e+07,0.0,2,2,0,0,0,Analysis,1
5e-06,iplt,-,INT,2,0,200,0,200000.0,1.6e+08,0.0,1,1,0,0,0,Backdoor,1
8e-06,unas,-,INT,2,0,200,0,125000.0,1e+08,0.0,2,2,0,0,0,Backdoor,1
8e-06,unas,-,INT,2,0,200,0,125000.0,1e+08,0.0,4,4,0,0,0,Backdoor,1
3e-06,unas,-,INT,2,0,200,0,333333.3,2.6666666e+08,0.0,4,4,0,0,0,Backdoor,1
0.958551,tcp,-,FIN,10,6,994,268,15.64862,7469.608,1869.4884,2,1,0,0,0,Fuzzers,1
9e-06,unas,-,INT,2,0,200,0,111111.11,8.888889e+07,0.0,3,3,0,0,0,Analysis,1
8e-06,unas,-,INT,2,0,200,0,125000.0,1e+08,0.0,2,2,0,0,0,Backdoor,1
0.779161,tcp,-,FIN,10,8,534,354,21.81834,4938.6455,3182.911,2,1,0,0,0,Fuzzers,1
0.64789,tcp,-,FIN,10,6,2550,268,23.152079,28338.145,2765.9019,1,1,0,0,0,Fuzzers,1
1e-05,udp,-,INT,2,0,104,0,100000.0,4.16e+07,0.0,1,1,0,0,0,Fuzzers,1
0.944288,tcp,-,FIN,10,8,534,354,18.002981,4075.0278,2626.3174,2,2,0,0,0,Fuzzers,1
0.735093,tcp,-,FIN,10,8,522,354,23.126326,5114.999,3373.723,1,1,0,0,0,Fuzzers,1
0.944288,tcp,-,FIN,10,8,534,354,18.002981,4075.0278,2626.3174,2,2,0,0,0,Fuzzers,1
35.21572,tcp,-,FIN,20,14,1068,622,0.937081,230.57884,131.305,2,2,0,0,0,Fuzzers,1
6e-06,unas,-,INT,2,0,200,0,166666.66,1.3333333e+08,0.0,3,3,0,0,0,Backdoor,1
9e-06,unas,-,INT,2,0,200,0,111111.11,8.888889e+07,0.0,3,3,0,0,0,Backdoor,1
9e-06,unas,-,INT,2,0,200,0,111111.11,8.888889e+07,0.0,3,3,0,0,0,Backdoor,1
8e-06,unas,-,INT,2,0,200,0,125000.0,1e+08,0.0,2,2,0,0,0,Backdoor,1
0.816666,tcp,-,FIN,10,8,534,354,20.816343,4711.8403,3036.737,2,1,0,0,0,Fuzzers,1
0.908719,tcp,-,FIN,14,10,774,556,25.310354,6329.7896,4410.6045,2,1,0,0,0,Fuzzers,1
0.85134,tcp,-,FIN,12,6,4678,268,19.96852,40303.523,2104.917,1,1,0,0,0,Fuzzers,1
9e-06,unas,-,INT,2,0,200,0,111111.11,8.888889e+07,0.0,2,2,0,0,0,Analysis,1
3e-06,unas,-,INT,2,0,200,0,333333.3,2.6666666e+08,0.0,4,4,0,0,0,Backdoor,1
3e-06,udp,-,INT,2,0,104,0,333333.3,1.3866666e+08,0.0,1,1,0,0,0,Fuzzers,1
9e-06,unas,-,INT,2,0,200,0,111111.11,8.888889e+07,0.0,4,4,0,0,0,Analysis,1
3e-06,unas,-,INT,2,0,200,0,333333.3,2.6666666e+08,0.0,3,3,0,0,0,Analysis,1
9e-06,udp,-,INT,2,0,104,0,111111.11,4.622222e+07,0.0,2,1,0,0,0,Fuzzers,1
3e-06,unas,-,INT,2,0,200,0,333333.3,2.6666666e+08,0.0,3,3,0,0,0,Analysis,1
8e-06,unas,-,INT,2,0,200,0,125000.0,1e+08,0.0,4,4,0,0,0,Analysis,1
1e-06,udp,-,INT,2,0,104,0,1e+06,4.16e+08,0.0,1,1,0,0,0,Fuzzers,1
0.40397,tcp,-,FIN,10,6,588,268,37.13147,10495.829,4435.973,2,1,0,0,0,Fuzzers,1
0.448878,tcp,-,FIN,10,6,2050,268,33.416653,32881.99,3992.176,1,1,0,0,0,Fuzzers,1
52.422104,tcp,-,FIN,20,12,2438,536,0.591354,353.5913,75.08283,2,2,0,0,0,Fuzzers,1
0.399363,tcp,-,FIN,10,6,542,268,37.559814,9775.567,4487.1455,1,1,0,0,0,Fuzzers,1
8e-06,unas,-,INT,2,0,200,0,125000.0,1e+08,0.0,3,3,0,0,0,Analysis,1
8e-06,unas,-,INT,2,0,200,0,125000.0,1e+08,0.0,6,6,0,0,0,Backdoor,1
31.56226,tcp,-,FIN,20,12,2216,536,0.982186,533.80206,124.7059,3,3,0,0,0,Fuzzers,1
8e-06,unas,-,INT,2,0,200,0,125000.0,1e+08,0.0,2,2,0,0,0,Analysis,1
32.28117,tcp,-,FIN,20,12,1176,536,0.960312,277.06555,121.928665,2,2,0,0,0,Fuzzers,1
0.374003,tcp,-,FIN,10,6,588,268,40.106632,11336.808,4791.4053,2,1,0,0,0,Fuzzers,1
0.382156,tcp,-,FIN,10,6,588,268,39.250984,11094.945,4689.1846,2,1,0,0,0,Fuzzers,1
0.268046,tcp,-,FIN,10,6,514,268,55.960545,13818.524,6685.42,3,1,0,0,0,Fuzzers,1
31.519764,tcp,-,FIN,20,12,1302,536,0.98351,313.96173,124.87403,4,3,0,0,0,Fuzzers,1
9e-06,unas,-,INT,2,0,200,0,111111.11,8.888889e+07,0.0,3,3,0,0,0,Analysis,1
0.291529,tcp,-,FIN,10,6,2044,268,51.452858,50492.402,6146.9014,2,1,0,0,0,Fuzzers,1
0.590624,tcp,-,FIN,10,6,526,268,25.39687,6420.3286,3034.0793,1,1,0,0,0,Fuzzers,1
0.339562,tcp,-,FIN,10,6,1282,268,44.174553,27187.965,5277.3867,1,1,0,0,0,Fuzzers,1
0.514028,tcp,-,FIN,10,6,646,268,29.18129,9057.872,3486.1914,3,1,0,0,0,Fuzzers,1
3e-06,unas,-,INT,2,0,200,0,333333.3,2.6666666e+08,0.0,4,4,0,0,0,Analysis,1
8e-06,unas,-,INT,2,0,200,0,125000.0,1e+08,0.0,4,4,0,0,0,Analysis,1
0.608386,tcp,-,FIN,10,6,2566,268,24.655401,30375.453,2945.4985,1,1,0,0,0,Fuzzers,1
0.83236,tcp,ftp,FIN,12,12,576,682,27.632275,5074.727,6016.6274,1,1,0,0,0,Fuzzers,1
6e-06,unas,-,INT,2,0,200,0,166666.66,1.3333333e+08,0.0,4,4,0,0,0,Backdoor,1
0.329786,tcp,-,FIN,10,6,638,268,45.48404,13948.439,5433.8267,3,1,0,0,0,Fuzzers,1
8e-06,unas,-,INT,2,0,200,0,125000.0,1e+08,0.0,5,5,0,0,0,Backdoor,1
0.509218,tcp,-,FIN,10,6,1022,268,29.456932,14453.535,3519.1216,2,2,0,0,0,Fuzzers,1
6e-06,unas,-,INT,2,0,200,0,166666.66,1.3333333e+08,0.0,5,5,0,0,0,Backdoor,1
1.0209,tcp,ftp,FIN,12,12,2616,682,22.52914,18791.262,4905.4756,1,1,0,0,0,Fuzzers,1
9e-06,udp,-,INT,2,0,104,0,111111.11,4.622222e+07,0.0,1,1,0,0,0,Fuzzers,1
9e-06,unas,-,INT,2,0,200,0,111111.11,8.888889e+07,0.0,3,3,0,0,0,Backdoor,1
0.910099,tcp,-,FIN,34,10,35002,440,47.247604,298631.25,3480.94,3,3,0,0,0,Fuzzers,1
0.368707,tcp,-,FIN,10,6,706,268,40.68271,13799.575,4860.2275,1,1,0,0,0,Fuzzers,1
6e-06,unas,-,INT,2,0,200,0,166666.66,1.3333333e+08,0.0,4,4,0,0,0,Analysis,1
54.354286,tcp,-,FIN,20,14,3740,622,0.607128,522.93945,85.07149,2,2,0,0,0,Fuzzers,1
54.354286,tcp,-,FIN,20,14,3740,622,0.607128,522.93945,85.07149,2,2,0,0,0,Fuzzers,1
4e-06,udp,-,INT,2,0,104,0,250000.0,1.04e+08,0.0,2,2,0,0,0,Fuzzers,1
8e-06,unas,-,INT,2,0,200,0,125000.0,1e+08,0.0,3,3,0,0,0,Backdoor,1
55.96858,tcp,ftp,FIN,28,24,1560,1364,0.911226,215.1207,186.96205,1,1,2,2,0,Fuzzers,1
9e-06,unas,-,INT,2,0,200,0,111111.11,8.888889e+07,0.0,2,2,0,0,0,Analysis,1
0.829596,tcp,-,FIN,10,8,484,354,20.491903,4204.456,2989.407,1,1,0,0,0,Fuzzers,1
9e-06,unas,-,INT,2,0,200,0,111111.11,8.888889e+07,0.0,3,3,0,0,0,Analysis,1
1.182084,tcp,-,FIN,10,8,486,354,14.381381,2964.2563,2097.9897,1,1,0,0,0,Fuzzers,1
8e-06,unas,-,INT,2,0,200,0,125000.0,1e+08,0.0,5,5,0,0,0,Analysis,1
8e-06,unas,-,INT,2,0,200,0,125000.0,1e+08,0.0,5,5,0,0,0,Backdoor,1
0.536707,tcp,-,FIN,10,6,756,268,27.948212,10150.79,3338.8796,2,1,0,0,0,Fuzzers,1
0.603104,tcp,-,FIN,10,6,756,268,24.871332,9033.268,2971.2952,1,1,0,0,0,Fuzzers,1
8e-06,unas,-,INT,2,0,200,0,125000.0,1e+08,0.0,6,6,0,0,0,Analysis,1
0.740381,tcp,-,FIN,10,8,756,354,22.961151,7358.3735,3349.6267,1,1,0,0,0,Fuzzers,1
0.785393,tcp,-,FIN,10,6,756,268,19.098719,6936.655,2281.6602,2,1,0,0,0,Fuzzers,1
1.1411,tcp,-,FIN,10,8,546,354,14.897905,3449.3032,2173.3413,1,1,0,0,0,Fuzzers,1
1.107593,tcp,-,FIN,10,6,756,268,13.54288,4918.774,1617.9227,1,1,0,0,0,Fuzzers,1
0.454934,tcp,-,FIN,10,6,756,268,32.971817,11975.363,3939.033,2,1,0,0,0,Fuzzers,1
1.209884,tcp,-,FIN,10,8,738,354,14.050933,4397.1157,2049.7832,1,1,0,0,0,Fuzzers,1
8e-06,unas,-,INT,2,0,200,0,125000.0,1e+08,0.0,2,2,0,0,0,Analysis,1
17.330788,ospf,-,INT,28,0,12832,0,1.557921,5711.916,0.0,1,1,0,0,0,Backdoor,1
9e-06,unas,-,INT,2,0,200,0,111111.11,8.888889e+07,0.0,1,1,0,0,0,Backdoor,1
1.217802,tcp,-,FIN,10,6,1014,268,12.317273,5997.691,1471.5035,1,1,0,0,0,Fuzzers,1
9e-06,unas,-,INT,2,0,200,0,111111.11,8.888889e+07,0.0,2,2,0,0,0,Analysis,1
0.981964,tcp,-,FIN,10,8,1014,354,17.312244,7438.155,2525.5508,1,1,0,0,0,Fuzzers,1
0.970467,tcp,ftp,FIN,12,14,576,768,25.760794,4352.544,5885.826,1,1,0,0,0,Fuzzers,1
1.451651,tcp,-,FIN,20,8,17266,354,18.599512,90396.38,1708.3997,2,1,0,0,0,Fuzzers,1
0.799005,tcp,-,FIN,10,8,1526,354,21.276463,13757.111,3103.8606,1,1,0,0,0,Fuzzers,1
5e-06,unas,-,INT,2,0,200,0,200000.0,1.6e+08,0.0,2,2,0,0,0,Analysis,1
9e-06,unas,-,INT,2,0,200,0,111111.11,8.888889e+07,0.0,3,3,0,0,0,Backdoor,1
6e-06,unas,-,INT,2,0,200,0,166666.66,1.3333333e+08,0.0,3,3,0,0,0,Analysis,1
2.273491,tcp,-,FIN,112,22,135649,956,58.500343,473062.8,3212.6807,1,1,0,0,0,Fuzzers,1
5e-06,udp,-,INT,2,0,104,0,200000.0,8.32e+07,0.0,1,1,0,0,0,Fuzzers,1
5e-06,udp,-,INT,2,0,104,0,200000.0,8.32e+07,0.0,1,1,0,0,0,Fuzzers,1
8e-06,unas,-,INT,2,0,200,0,125000.0,1e+08,0.0,2,2,0,0,0,Analysis,1
8e-06,unas,-,INT,2,0,200,0,125000.0,1e+08,0.0,2,2,0,0,0,Analysis,1
1e-06,udp,-,INT,2,0,104,0,1e+06,4.16e+08,0.0,1,1,0,0,0,Fuzzers,1
1.008415,tcp,-,FIN,10,6,706,268,14.874829,5045.542,1777.0461,1,1,0,0,0,Fuzzers,1
8e-06,unas,-,INT,2,0,200,0,125000.0,1e+08,0.0,2,2,0,0,0,Analysis,1
0.370517,tcp,http,FIN,10,8,804,2912,45.881836,15632.212,55015.023,1,1,0,0,1,Fuzzers,1
0.910099,tcp,-,FIN,34,10,35002,440,47.247604,298631.25,3480.94,3,3,0,0,0,Fuzzers,1
9e-06,unas,-,INT,2,0,200,0,111111.11,8.888889e+07,0.0,1,1,0,0,0,Analysis,1
1.865058,tcp,ftp,FIN,14,12,810,682,13.404409,3229.9265,2685.1711,1,1,1,1,0,Fuzzers,1
0.980217,tcp,-,FIN,16,12,908,642,27.544922,6953.5625,4807.099,1,1,0,0,0,Fuzzers,1
9e-06,unas,-,INT,2,0,200,0,111111.11,8.888889e+07,0.0,3,3,0,0,0,Analysis,1
9e-06,udp,-,INT,2,0,104,0,111111.11,4.622222e+07,0.0,1,1,0,0,0,Fuzzers,1
0.731259,tcp,-,FIN,10,6,774,268,20.512568,7625.2056,2450.568,1,1,0,0,0,Fuzzers,1
1.200132,tcp,-,FIN,10,8,588,354,14.165108,3532.9446,2066.4395,1,1,0,0,0,Fuzzers,1
1.225152,tcp,-,FIN,10,8,1030,354,13.875829,6053.1265,2024.2386,1,1,0,0,0,Fuzzers,1
1e-06,udp,-,INT,2,0,104,0,1e+06,4.16e+08,0.0,2,2,0,0,0,Fuzzers,1
1e-06,udp,-,INT,2,0,104,0,1e+06,4.16e+08,0.0,2,2,0,0,0,Fuzzers,1
0.60575,tcp,-,FIN,10,6,756,268,24.76269,8993.809,2958.316,1,1,0,0,0,Fuzzers,1
43.314888,tcp,-,FIN,20,14,1512,622,0.761863,265.40527,106.753136,2,2,0,0,0,Fuzzers,1
5e-06,unas,-,INT,2,0,200,0,200000.0,1.6e+08,0.0,2,2,0,0,0,Backdoor,1
0.981541,tcp,ftp,FIN,14,14,798,768,27.507767,6039.483,5819.421,1,1,1,1,0,Fuzzers,1
2.097541,ospf,-,INT,42,0,2688,0,19.546698,10007.909,0.0,1,1,0,0,0,Backdoor,1
0.746207,tcp,-,FIN,10,6,756,268,20.101662,7300.9233,2401.4785,1,1,0,0,0,Fuzzers,1
8e-06,unas,-,INT,2,0,200,0,125000.0,1e+08,0.0,2,2,0,0,0,Backdoor,1
8e-06,unas,-,INT,2,0,200,0,125000.0,1e+08,0.0,2,2,0,0,0,Backdoor,1
1.921773,tcp,-,FIN,10,8,610,354,8.845998,2285.3896,1290.475,1,1,0,0,0,Fuzzers,1
9e-06,udp,-,INT,2,0,104,0,111111.11,4.622222e+07,0.0,1,1,0,0,0,Fuzzers,1
1.031442,tcp,ftp,FIN,14,12,750,682,24.23791,5406.0234,4855.3384,1,1,1,1,0,Fuzzers,1
6e-06,udp,-,INT,2,0,104,0,166666.66,6.933333e+07,0.0,1,1,0,0,0,Fuzzers,1
7e-06,udp,-,INT,2,0,104,0,142857.14,5.9428572e+07,0.0,1,1,0,0,0,Fuzzers,1
0.630487,tcp,-,FIN,12,8,1046,744,30.135433,12168.371,8260.281,1,1,0,0,0,Fuzzers,1
0.326889,tcp,-,FIN,10,6,588,268,45.887135,12970.764,5481.983,2,1,0,0,0,Fuzzers,1
1.170537,tcp,-,FIN,10,8,588,354,14.523249,3622.269,2118.6858,1,1,0,0,0,Fuzzers,1
45.03731,ospf,-,INT,42,0,18480,0,0.910356,3204.454,0.0,1,1,0,0,0,Backdoor,1
9e-06,udp,-,INT,2,0,104,0,111111.11,4.622222e+07,0.0,2,1,0,0,0,Fuzzers,1
0.284422,tcp,-,FIN,10,6,588,268,52.738537,14907.426,6300.497,2,1,0,0,0,Fuzzers,1
1.024119,tcp,ftp,FIN,14,12,726,682,24.411224,5272.8247,4890.0566,1,1,1,1,0,Fuzzers,1
1.1e-05,udp,-,INT,2,0,2974,0,90909.09,1.0814546e+09,0.0,1,1,0,0,0,Fuzzers,1
0.433047,tcp,-,FIN,10,6,588,268,34.63827,9791.085,4138.119,2,1,0,0,0,Fuzzers,1
0.522368,tcp,ftp,FIN,22,14,17352,768,67.00257,253675.56,10934.819,2,1,0,0,0,Fuzzers,1
0.502511,tcp,-,FIN,10,6,588,268,29.850092,8437.626,3566.0908,1,1,0,0,0,Fuzzers,1
3e-06,udp,-,INT,2,0,104,0,333333.3,1.3866666e+08,0.0,1,1,0,0,0,Fuzzers,1
0.799454,tcp,-,FIN,60,14,68201,612,91.312325,671108.06,5693.886,1,1,0,0,1,Fuzzers,1
0.971873,tcp,http,FIN,60,14,68197,612,75.11269,552014.5,4683.7397,1,1,0,0,1,Fuzzers,1
0.952181,tcp,-,FIN,12,10,1080,788,22.05463,8317.746,5965.2524,2,2,0,0,0,Fuzzers,1
2.097541,ospf,-,INT,42,0,2688,0,19.546698,10007.909,0.0,1,1,0,0,0,Analysis,1
0.930821,tcp,-,FIN,14,12,774,642,26.85801,6179.491,5062.1978,3,1,0,0,0,Fuzzers,1
31.519764,tcp,-,FIN,20,12,1302,536,0.98351,313.96173,124.87403,1,1,0,0,0,Fuzzers,1
1.299671,tcp,-,FIN,14,10,774,556,17.696787,4425.7354,3083.8572,2,1,0,0,0,Fuzzers,1
52.422104,tcp,-,FIN,20,12,2438,536,0.591354,353.5913,75.08283,2,2,0,0,0,Fuzzers,1
0.454651,tcp,-,FIN,10,6,534,268,32.99234,8463.635,3941.4849,3,2,0,0,0,Fuzzers,1
1.615839,tcp,ftp,FIN,14,12,810,682,15.471838,3728.0942,3099.3186,2,1,1,1,0,Fuzzers,1
0.394373,tcp,-,FIN,10,6,538,268,38.035057,9838.401,4543.9214,1,1,0,0,0,Fuzzers,1
0.698918,tcp,-,FIN,10,6,534,268,21.461746,5505.6533,2563.9631,3,3,0,0,0,Fuzzers,1
1.325386,tcp,ftp,FIN,14,12,810,682,18.862429,4545.091,3778.5217,1,1,1,1,0,Fuzzers,1
0.462496,tcp,-,FIN,10,6,562,268,32.432713,8752.508,3874.628,2,1,0,0,0,Fuzzers,1
0.698918,tcp,-,FIN,10,6,534,268,21.461746,5505.6533,2563.9631,3,3,0,0,0,Fuzzers,1
30.121977,ospf,-,INT,42,0,2184,0,1.361132,566.2311,0.0,1,1,0,0,0,Fuzzers,1
0.964412,tcp,ftp,FIN,14,12,810,682,25.922531,6246.2935,5192.802,2,1,1,1,0,Fuzzers,1
0.971909,tcp,-,FIN,60,14,68199,612,75.10992,552010.56,4683.566,1,1,0,0,1,Fuzzers,1
0.920901,tcp,-,FIN,10,6,534,268,16.288397,4178.5166,1945.9204,1,1,0,0,0,Fuzzers,1
0.935049,tcp,-,FIN,10,8,1526,354,18.180864,11755.534,2652.2673,1,1,0,0,0,Fuzzers,1
0.84428,tcp,-,FIN,10,8,534,354,20.1355,4557.7295,2937.414,2,1,0,0,0,Fuzzers,1
0.602803,tcp,-,FIN,10,8,756,354,28.201586,9037.778,4114.114,1,1,0,0,0,Fuzzers,1
0.66894,tcp,-,FIN,10,6,534,268,22.423534,5752.3843,2678.865,1,1,0,0,0,Fuzzers,1
1e-05,udp,-,INT,2,0,104,0,100000.0,4.16e+07,0.0,1,1,0,0,0,Fuzzers,1
0.40552,tcp,-,FIN,10,6,756,268,36.989544,13434.603,4419.0176,2,1,0,0,0,Fuzzers,1
1.415078,tcp,-,FIN,14,12,774,642,17.66687,4064.7935,3329.8516,3,1,0,0,0,Fuzzers,1
1.46706,tcp,-,FIN,14,12,774,642,17.040886,3920.7668,3211.866,2,1,0,0,0,Fuzzers,1
32.022385,tcp,-,FIN,20,12,1176,536,0.968073,279.30463,122.91402,2,2,0,0,0,Fuzzers,1
0.39839,tcp,-,FIN,10,6,756,268,37.651546,13675.042,4498.105,1,1,0,0,0,Fuzzers,1
0.448495,tcp,-,FIN,10,6,534,268,33.44519,8579.806,3995.5852,3,3,0,0,0,Fuzzers,1
0.561849,tcp,-,FIN,10,6,756,268,26.697565,9696.556,3189.469,2,1,0,0,0,Fuzzers,1
1.007031,tcp,http,FIN,60,14,68195,612,72.490326,532726.44,4520.2188,1,1,0,0,1,Fuzzers,1
0.93688,tcp,ftp,FIN,14,12,726,682,26.684315,5763.812,5345.402,1,1,1,1,0,Fuzzers,1
0.534774,tcp,-,FIN,10,6,756,268,28.049232,10187.481,3350.9482,1,1,0,0,0,Fuzzers,1
0.689922,tcp,-,FIN,10,6,756,268,21.741589,7896.545,2597.3953,1,1,0,0,0,Fuzzers,1
0.882482,tcp,-,FIN,10,8,588,354,19.26385,4804.631,2810.2556,1,1,0,0,0,Fuzzers,1
1.2e-05,udp,-,INT,2,0,2982,0,83333.33,9.9399994e+08,0.0,1,1,0,0,0,Fuzzers,1
4e-06,udp,-,INT,2,0,104,0,250000.0,1.04e+08,0.0,1,1,0,0,0,Fuzzers,1
0.419928,tcp,-,FIN,10,6,592,268,35.72041,10154.121,4267.398,2,1,0,0,0,Fuzzers,1
19.923668,tcp,http,FIN,1624,252,2162355,10846,94.10918,867721.4,4337.7554,1,1,0,0,1,Fuzzers,1
1.06649,tcp,-,FIN,10,8,1014,354,15.940139,6848.634,2325.385,1,1,0,0,0,Fuzzers,1
0.793032,tcp,-,FIN,10,6,1014,268,18.914747,9210.221,2259.682,1,1,0,0,0,Fuzzers,1
0.681279,tcp,-,FIN,10,6,1792,268,22.01741,18940.846,2630.3467,1,1,0,0,0,Fuzzers,1
1.341779,tcp,-,FIN,12,8,3024,714,14.160305,16527.312,3726.396,1,1,0,0,0,Fuzzers,1
0.745662,tcp,-,FIN,10,6,3072,268,20.116354,29664.916,2403.2336,1,1,0,0,0,Fuzzers,1
0.860558,tcp,-,FIN,10,6,1526,268,17.430552,12773.108,2082.3699,1,1,0,0,0,Fuzzers,1
31.6392,tcp,-,FIN,20,16,1108,708,1.106223,266.25198,167.89299,3,2,0,0,0,Fuzzers,1
9e-06,udp,-,INT,2,0,104,0,111111.11,4.622222e+07,0.0,2,1,0,0,0,Fuzzers,1
5e-06,udp,-,INT,2,0,104,0,200000.0,8.32e+07,0.0,1,1,0,0,0,Fuzzers,1
0.675564,tcp,-,FIN,10,8,2550,354,25.16416,27177.293,3671.0068,1,1,0,0,0,Fuzzers,1
32.28117,tcp,-,FIN,20,12,1176,536,0.960312,277.06555,121.928665,2,2,0,0,0,Fuzzers,1
0.644756,tcp,-,FIN,10,8,588,354,26.366564,6576.131,3846.4163,1,1,0,0,0,Fuzzers,1
1.212774,tcp,-,FIN,12,10,1098,800,17.315674,6642.6226,4749.442,1,1,0,0,0,Fuzzers,1
0.603435,tcp,-,FIN,10,6,534,268,24.85769,6376.826,2969.6655,2,2,0,0,0,Fuzzers,1
0.413382,tcp,-,FIN,10,6,588,268,36.286053,10256.857,4334.9736,1,1,0,0,0,Fuzzers,1
1.193868,tcp,-,FIN,12,10,1044,816,17.589884,6412.769,4925.1675,1,1,0,0,0,Fuzzers,1
0.754474,tcp,-,FIN,10,6,756,268,19.881401,7220.925,2375.1648,1,1,0,0,0,Fuzzers,1
0.51102,tcp,-,FIN,10,6,756,268,29.353058,10661.031,3506.712,1,1,0,0,0,Fuzzers,1
0.825867,tcp,-,FIN,12,10,976,852,25.427822,8669.677,7429.7676,1,1,0,0,0,Fuzzers,1
0.635743,tcp,-,FIN,10,8,588,354,26.740364,6669.3613,3900.9473,2,1,0,0,0,Fuzzers,1
34.455128,tcp,ftp,FIN,30,24,1610,1364,1.538233,361.51367,303.69934,2,2,2,2,0,Fuzzers,1
0.936098,tcp,-,FIN,10,6,534,268,16.023964,4110.6807,1914.3295,1,1,0,0,0,Fuzzers,1
0.918788,tcp,-,FIN,14,12,774,642,27.209759,6260.4214,5128.495,1,1,0,0,0,Fuzzers,1
0.404378,tcp,-,FIN,10,6,534,268,37.094006,9515.849,4431.497,1,1,0,0,0,Fuzzers,1
0.993475,tcp,-,FIN,14,10,774,556,23.15106,5789.7783,4034.324,2,1,0,0,0,Fuzzers,1
0.568766,tcp,-,FIN,10,6,756,268,26.372885,9578.632,3150.6807,2,1,0,0,0,Fuzzers,1
0.454651,tcp,-,FIN,10,6,534,268,32.99234,8463.635,3941.4849,3,2,0,0,0,Fuzzers,1
0.675796,tcp,-,FIN,10,6,534,268,22.196049,5694.0264,2651.688,1,1,0,0,0,Fuzzers,1
0.883285,tcp,-,FIN,12,8,600,404,21.51061,4981.405,3206.2131,1,1,0,0,0,Backdoor,1
17.330788,ospf,-,INT,28,0,12832,0,1.557921,5711.916,0.0,1,1,0,0,0,Analysis,1
0.323492,tcp,-,FIN,10,6,534,268,46.369,11895.194,5539.55,1,1,0,0,0,Fuzzers,1
0.599973,tcp,-,FIN,12,8,1046,752,31.66809,12787.241,8773.728,1,1,0,0,0,Fuzzers,1
19.349009,udp,-,INT,4,0,208,0,0.155047,64.49943,0.0,1,1,0,0,0,Fuzzers,1
1.468103,tcp,-,FIN,12,10,3024,814,14.304173,15105.207,3994.27,1,1,0,0,0,Fuzzers,1
1e-05,udp,-,INT,2,0,224,0,100000.0,8.96e+07,0.0,3,1,0,0,0,Fuzzers,1
1.712489,tcp,-,FIN,12,8,986,716,11.094962,4223.093,2929.0698,1,1,0,0,0,Fuzzers,1
0.687969,tcp,-,FIN,60,14,68189,612,106.10943,779721.1,6616.577,1,1,0,0,1,Fuzzers,1
4e-06,udp,-,INT,2,0,584,0,250000.0,5.84e+08,0.0,1,1,0,0,0,Fuzzers,1
3.4e-05,udp,-,INT,2,0,744,0,29411.764,8.752941e+07,0.0,2,1,0,0,0,Fuzzers,1
1.691088,tcp,ftp,FIN,62,20,68109,1026,47.89816,317007.75,4612.4155,1,1,0,0,0,Fuzzers,1
0.666553,tcp,-,FIN,12,10,1106,806,31.505371,12170.074,8713.485,1,1,0,0,0,Fuzzers,1
53.54965,tcp,-,FIN,24,18,2144,1524,0.765645,307.00482,215.12746,2,2,0,0,0,Fuzzers,1
8e-06,udp,-,INT,2,0,104,0,125000.0,5.2e+07,0.0,2,1,0,0,0,Fuzzers,1
31.519764,tcp,-,FIN,20,12,1302,536,0.98351,313.96173,124.87403,4,3,0,0,0,Fuzzers,1
0.78228,tcp,-,FIN,12,8,3022,694,24.287977,28337.678,6217.722,1,1,0,0,0,Fuzzers,1
3e-06,udp,-,INT,2,0,104,0,333333.3,1.3866666e+08,0.0,2,1,0,0,0,Fuzzers,1
0.735505,tcp,-,FIN,12,8,1140,756,25.832592,11366.341,7200.495,1,1,0,0,0,Fuzzers,1
1.16401,tcp,-,FIN,10,8,2550,354,14.604685,15773.06,2130.566,1,1,0,0,0,Fuzzers,1
38.78433,tcp,-,FIN,24,16,1998,1478,1.005561,395.0049,285.88867,2,2,0,0,0,Fuzzers,1
0.541002,tcp,-,FIN,12,8,1000,756,35.12002,13560.024,9789.243,2,1,0,0,0,Fuzzers,1
8e-06,udp,-,INT,2,0,104,0,125000.0,5.2e+07,0.0,4,1,0,0,0,Fuzzers,1
0.920591,tcp,-,FIN,12,10,1232,844,22.811434,9819.779,6604.453,1,1,0,0,0,Fuzzers,1
0.54139,tcp,-,FIN,12,8,2018,742,35.09485,27337.04,9604.906,1,1,0,0,0,Fuzzers,1
3e-06,udp,-,INT,2,0,104,0,333333.3,1.3866666e+08,0.0,6,1,0,0,0,Fuzzers,1
0.761222,tcp,-,FIN,12,8,2002,720,24.959867,19295.291,6620.933,1,1,0,0,0,Fuzzers,1
0.617236,tcp,-,FIN,12,10,1250,778,34.02264,14853.313,9085.665,1,1,0,0,0,Fuzzers,1
0.798179,tcp,-,FIN,12,8,1238,762,23.804186,11375.895,6685.2173,1,1,0,0,0,Fuzzers,1
0.82436,tcp,-,FIN,60,14,68201,612,88.55354,650832.1,5521.8594,2,1,0,0,1,Fuzzers,1
0.448495,tcp,-,FIN,10,6,534,268,33.44519,8579.806,3995.5852,3,3,0,0,0,Fuzzers,1
0.987074,tcp,-,FIN,12,8,1040,704,19.24881,7731.943,4992.533,1,1,0,0,0,Fuzzers,1
3e-06,udp,-,INT,2,0,104,0,333333.3,1.3866666e+08,0.0,2,1,0,0,0,Fuzzers,1
32.081898,tcp,http,FIN,120,28,136392,1224,4.582023,33727.68,294.4963,3,2,0,0,2,Fuzzers,1
0.866346,tcp,-,FIN,12,10,1038,840,24.239738,8790.945,6981.0444,1,1,0,0,0,Fuzzers,1
4e-06,udp,-,INT,2,0,104,0,250000.0,1.04e+08,0.0,2,1,0,0,0,Fuzzers,1
3e-06,udp,-,INT,2,0,104,0,333333.3,1.3866666e+08,0.0,3,1,0,0,0,Fuzzers,1
4e-06,udp,-,INT,2,0,104,0,250000.0,1.04e+08,0.0,3,1,0,0,0,Fuzzers,1
0.700896,tcp,-,FIN,12,8,1250,766,27.108158,13080.399,7658.768,1,1,0,0,0,Fuzzers,1
0.668729,tcp,-,FIN,22,10,17778,796,46.356594,203011.98,8577.466,1,1,0,0,0,Fuzzers,1
0.752484,tcp,-,FIN,12,8,1058,728,25.249706,10312.512,6772.237,1,1,0,0,0,Fuzzers,1
8e-06,udp,-,INT,2,0,104,0,125000.0,5.2e+07,0.0,4,1,0,0,0,Fuzzers,1
0.710357,tcp,-,FIN,12,8,1058,726,26.747114,10924.085,7162.5957,1,1,0,0,0,Fuzzers,1
0.903286,tcp,-,FIN,14,8,1324,726,23.248451,10893.56,5632.7676,1,1,0,0,0,Fuzzers,1
4e-06,udp,-,INT,2,0,1144,0,250000.0,1.144e+09,0.0,2,1,0,0,0,Fuzzers,1
0.628406,tcp,-,FIN,12,8,996,718,30.235231,11623.06,8007.562,2,1,0,0,0,Fuzzers,1
1.118193,tcp,-,FIN,60,14,68185,612,65.2839,479695.34,4070.8535,1,1,0,0,1,Fuzzers,1
9e-06,udp,-,INT,2,0,104,0,111111.11,4.622222e+07,0.0,6,1,0,0,0,Fuzzers,1
0.671311,tcp,-,FIN,12,8,996,722,28.302828,10880.203,7531.5312,1,1,0,0,0,Fuzzers,1
2e-06,udp,-,INT,2,0,1064,0,500000.0,2.128e+09,0.0,2,1,0,0,0,Fuzzers,1
0.630103,tcp,-,FIN,12,8,998,766,30.153801,11617.148,8519.242,2,1,0,0,0,Fuzzers,1
5e-06,udp,-,INT,2,0,1304,0,200000.0,1.0432e+09,0.0,2,1,0,0,0,Fuzzers,1
0.697718,tcp,-,FIN,12,8,1034,726,27.23163,10869.721,7292.344,1,1,0,0,0,Fuzzers,1
5e-06,udp,-,INT,2,0,1984,0,200000.0,1.5872e+09,0.0,4,2,0,0,0,Fuzzers,1
0.863581,tcp,-,FIN,12,8,1042,758,22.00141,8856.146,6151.1313,1,1,0,0,0,Fuzzers,1
2.888513,ospf,-,INT,82,0,5248,0,28.042109,14357.56,0.0,1,1,0,0,0,Backdoor,1
1.138659,tcp,-,FIN,60,14,68183,612,64.110504,471059.38,3997.685,1,1,0,0,1,Fuzzers,1
1.029348,tcp,-,FIN,60,14,68185,612,70.91868,521098.78,4422.217,1,1,0,0,1,Fuzzers,1
0.775459,tcp,-,FIN,60,14,68195,612,94.137794,691812.2,5870.072,1,1,0,0,1,Fuzzers,1
6e-06,udp,-,INT,2,0,104,0,166666.66,6.933333e+07,0.0,2,1,0,0,0,Fuzzers,1
0.36329,tcp,http,FIN,10,6,526,268,41.289326,10437.941,4932.698,1,1,0,0,1,Fuzzers,1
0.895223,tcp,-,FIN,12,6,4658,268,18.989681,38158.09,2001.7358,1,1,0,0,0,Fuzzers,1
9e-06,udp,-,INT,2,0,104,0,111111.11,4.622222e+07,0.0,1,1,0,0,0,Fuzzers,1
45.03731,ospf,-,INT,42,0,18480,0,0.910356,3204.454,0.0,1,1,0,0,0,Fuzzers,1
0.779894,tcp,-,FIN,12,8,3666,354,24.362286,34476.48,3179.9194,1,1,0,0,0,Fuzzers,1
0.733297,tcp,-,FIN,10,6,534,268,20.455559,5247.5327,2443.7576,1,1,0,0,0,Fuzzers,1
0.910099,tcp,-,FIN,34,10,35002,440,47.247604,298631.25,3480.94,3,3,0,0,0,Fuzzers,1
8e-06,udp,-,INT,2,0,104,0,125000.0,5.2e+07,0.0,3,1,0,0,0,Fuzzers,1
8e-06,udp,-,INT,2,0,104,0,125000.0,5.2e+07,0.0,1,1,0,0,0,Fuzzers,1
1e-06,udp,-,INT,2,0,104,0,1e+06,4.16e+08,0.0,1,1,0,0,0,Fuzzers,1
8e-06,udp,-,INT,2,0,104,0,125000.0,5.2e+07,0.0,5,1,0,0,0,Fuzzers,1
3e-06,udp,-,INT,2,0,104,0,333333.3,1.3866666e+08,0.0,3,1,0,0,0,Fuzzers,1
5e-06,udp,-,INT,2,0,104,0,200000.0,8.32e+07,0.0,1,1,0,0,0,Fuzzers,1
8e-06,udp,-,INT,2,0,104,0,125000.0,5.2e+07,0.0,3,1,0,0,0,Fuzzers,1
9e-06,udp,-,INT,2,0,104,0,111111.11,4.622222e+07,0.0,4,1,0,0,0,Fuzzers,1
3e-06,udp,-,INT,2,0,104,0,333333.3,1.3866666e+08,0.0,6,1,0,0,0,Fuzzers,1
8e-06,udp,-,INT,2,0,104,0,125000.0,5.2e+07,0.0,3,1,0,0,0,Fuzzers,1
3e-06,udp,-,INT,2,0,104,0,333333.3,1.3866666e+08,0.0,3,1,0,0,0,Fuzzers,1
1.05499,tcp,-,FIN,60,14,68199,612,69.19496,508539.4,4314.7324,1,1,0,0,1,Fuzzers,1
1e-05,udp,-,INT,2,0,424,0,100000.0,1.696e+08,0.0,3,1,0,0,0,Fuzzers,1
1e-05,udp,-,INT,2,0,864,0,100000.0,3.456e+08,0.0,1,1,0,0,0,Fuzzers,1
1.109073,tcp,-,FIN,10,6,498,268,13.524808,3238.7407,1615.7638,1,1,0,0,0,Fuzzers,1
1e-05,udp,-,INT,2,0,1504,0,100000.0,6.016e+08,0.0,4,1,0,0,0,Fuzzers,1
1.730255,tcp,-,FIN,10,8,514,354,9.825141,2140.7249,1433.3147,1,1,0,0,0,Fuzzers,1
0.934241,tcp,-,FIN,60,14,68185,612,78.1383,574147.4,4872.4043,1,1,0,0,1,Fuzzers,1
9e-06,udp,-,INT,2,0,104,0,111111.11,4.622222e+07,0.0,1,1,0,0,0,Fuzzers,1
41.066822,tcp,-,FIN,20,12,1670,536,0.754867,309.15466,95.843796,4,3,0,0,0,Fuzzers,1
0.986512,tcp,-,FIN,10,6,1506,268,15.205086,10996.318,1816.501,1,1,0,0,0,Fuzzers,1
0.907345,tcp,-,FIN,60,14,68181,612,80.45451,591131.25,5016.835,1,1,0,0,1,Fuzzers,1
0.66712,tcp,-,FIN,12,10,1250,842,31.478596,13742.655,9089.819,1,1,0,0,0,Fuzzers,1
1.714032,tcp,-,FIN,34,12,36414,526,26.253885,164958.4,2254.3335,3,2,0,0,0,Fuzzers,1
0.385741,tcp,-,FIN,12,8,1058,770,49.255848,20117.125,13978.291,2,1,0,0,0,Fuzzers,1
0.448242,tcp,-,FIN,10,6,574,268,33.464066,9227.158,3997.8403,3,2,0,0,0,Fuzzers,1
0.789855,tcp,-,FIN,12,8,1058,718,24.055048,9824.588,6370.7896,1,1,0,0,0,Fuzzers,1
0.540603,tcp,-,FIN,10,6,562,268,27.746796,7487.935,3314.8171,2,1,0,0,0,Fuzzers,1
0.744412,tcp,-,FIN,22,12,17778,862,44.33029,182372.12,8500.669,2,1,0,0,0,Fuzzers,1
0.528144,tcp,-,FIN,10,6,550,268,28.401344,7497.955,3393.014,1,1,0,0,0,Fuzzers,1
0.509218,tcp,-,FIN,10,6,1022,268,29.456932,14453.535,3519.1216,2,2,0,0,0,Fuzzers,1
0.660746,tcp,-,FIN,12,8,2018,722,28.755377,22398.926,7651.9575,1,1,0,0,0,Fuzzers,1
0.479727,tcp,-,FIN,12,6,3666,268,35.43682,56048.543,3735.4578,1,1,0,0,0,Fuzzers,1
0.509002,tcp,-,FIN,10,6,542,268,29.469435,7669.911,3520.615,1,1,0,0,0,Fuzzers,1
0.541427,tcp,-,FIN,10,6,534,268,27.704565,7107.1445,3309.772,2,2,0,0,0,Fuzzers,1
0.541427,tcp,-,FIN,10,6,534,268,27.704565,7107.1445,3309.772,2,2,0,0,0,Fuzzers,1
0.649788,tcp,-,FIN,10,6,1526,268,23.084452,16916.285,2757.8225,1,1,0,0,0,Fuzzers,1
0.739602,tcp,-,FIN,10,8,1526,354,22.985334,14862.047,3353.1548,1,1,0,0,0,Fuzzers,1
32.081898,tcp,http,FIN,120,28,136392,1224,4.582023,33727.68,294.4963,3,2,0,0,2,Fuzzers,1
0.644581,tcp,-,FIN,10,6,2550,268,23.27093,28483.62,2780.1006,1,1,0,0,0,Fuzzers,1
0.561362,tcp,-,FIN,12,8,1058,716,33.846252,13823.521,8935.41,1,1,0,0,0,Fuzzers,1
23.93485,udp,-,INT,4,0,360,0,0.12534,90.24497,0.0,1,1,0,0,0,Fuzzers,1
0.866589,tcp,-,FIN,34,10,34210,440,49.61983,306525.94,3655.7122,2,1,0,0,0,Fuzzers,1
16.495165,udp,-,INT,4,0,460,0,0.181871,167.32176,0.0,1,1,0,0,0,Fuzzers,1
0.699608,tcp,-,FIN,12,8,1058,722,27.158066,11091.926,7226.904,1,1,0,0,0,Fuzzers,1
8e-06,udp,-,INT,2,0,104,0,125000.0,5.2e+07,0.0,2,1,0,0,0,Fuzzers,1
6e-06,udp,-,INT,2,0,248,0,166666.66,1.6533333e+08,0.0,1,1,0,0,0,Fuzzers,1
0.884127,tcp,http,FIN,60,14,68197,612,82.56732,606799.7,5148.5815,1,1,0,0,1,Fuzzers,1
8e-06,udp,-,INT,2,0,104,0,125000.0,5.2e+07,0.0,3,1,0,0,0,Fuzzers,1
7e-06,udp,-,INT,2,0,224,0,142857.14,1.28e+08,0.0,2,1,0,0,0,Fuzzers,1
5e-06,udp,-,INT,2,0,186,0,200000.0,1.488e+08,0.0,3,1,0,0,0,Fuzzers,1
9e-06,udp,-,INT,2,0,104,0,111111.11,4.622222e+07,0.0,1,1,0,0,0,Fuzzers,1
0.914134,tcp,http,FIN,60,14,68195,612,79.857,586863.6,4979.576,1,1,0,0,1,Fuzzers,1
1.215214,tcp,http,FIN,60,14,68195,612,60.071724,441462.97,3745.8423,1,1,0,0,1,Fuzzers,1
6e-06,udp,-,INT,2,0,104,0,166666.66,6.933333e+07,0.0,2,1,0,0,0,Fuzzers,1
1e-05,udp,-,INT,2,0,104,0,100000.0,4.16e+07,0.0,1,1,0,0,0,Fuzzers,1
5e-06,udp,-,INT,2,0,140,0,200000.0,1.12e+08,0.0,3,1,0,0,0,Fuzzers,1
3e-06,udp,-,INT,2,0,160,0,333333.3,2.1333333e+08,0.0,2,1,0,0,0,Fuzzers,1
0.544034,tcp,-,FIN,10,8,588,354,31.248047,7793.6304,4558.5386,2,1,0,0,0,Fuzzers,1
8e-06,udp,-,INT,2,0,194,0,125000.0,9.7e+07,0.0,2,1,0,0,0,Fuzzers,1
7e-06,udp,-,INT,2,0,144,0,142857.14,8.228571e+07,0.0,2,1,0,0,0,Fuzzers,1
5e-06,udp,-,INT,2,0,190,0,200000.0,1.52e+08,0.0,2,1,0,0,0,Fuzzers,1
9e-06,udp,-,INT,2,0,230,0,111111.11,1.02222216e+08,0.0,2,1,0,0,0,Fuzzers,1
9e-06,udp,-,INT,2,0,384,0,111111.11,1.7066666e+08,0.0,3,1,0,0,0,Fuzzers,1
1e-05,udp,-,INT,2,0,1104,0,100000.0,4.416e+08,0.0,2,1,0,0,0,Fuzzers,1
5e-06,udp,-,INT,2,0,1984,0,200000.0,1.5872e+09,0.0,4,2,0,0,0,Fuzzers,1
0.798643,tcp,-,FIN,10,8,534,354,21.286106,4818.173,3105.2673,1,1,0,0,0,Fuzzers,1
0.578,tcp,-,FIN,10,6,534,268,25.951557,6657.4395,3100.346,2,1,0,0,0,Fuzzers,1
0.868413,tcp,-,FIN,10,8,534,354,19.57594,4431.072,2855.7842,3,2,0,0,0,Fuzzers,1
0.868413,tcp,-,FIN,10,8,534,354,19.57594,4431.072,2855.7842,3,2,0,0,0,Fuzzers,1
4e-06,udp,-,INT,2,0,2624,0,250000.0,2.624e+09,0.0,1,1,0,0,0,Fuzzers,1
0.629777,tcp,-,FIN,10,6,534,268,23.817953,6110.099,2845.4517,2,2,0,0,0,Fuzzers,1
0.676569,tcp,-,FIN,10,8,588,354,25.12678,6266.9146,3665.5537,1,1,0,0,0,Fuzzers,1
0.698918,tcp,-,FIN,10,6,534,268,21.461746,5505.6533,2563.9631,3,3,0,0,0,Fuzzers,1
30.121977,ospf,-,INT,42,0,2184,0,1.361132,566.2311,0.0,1,1,0,0,0,Backdoor,1
0.645488,tcp,-,FIN,10,8,534,354,26.336662,5961.381,3842.0542,1,1,0,0,0,Fuzzers,1
0.319861,tcp,-,FIN,10,6,672,268,46.89537,15131.573,5602.4336,2,1,0,0,0,Fuzzers,1
0.502001,tcp,-,FIN,10,6,832,268,29.880419,11936.231,3569.714,1,1,0,0,0,Fuzzers,1
0.45042,tcp,-,FIN,10,6,534,268,33.302254,8543.138,3978.509,2,1,0,0,0,Fuzzers,1
0.39683,tcp,-,FIN,10,6,1152,268,37.79956,20905.678,4515.7876,1,1,0,0,0,Fuzzers,1
0.585943,tcp,-,FIN,10,8,534,354,29.013062,6567.192,4232.4937,1,1,0,0,0,Fuzzers,1
0.631642,tcp,-,FIN,10,6,610,268,23.74763,6953.306,2837.0503,1,1,0,0,0,Fuzzers,1
2.2e-05,udp,-,INT,2,0,2730,0,45454.547,4.9636365e+08,0.0,1,1,0,0,0,Fuzzers,1
0.778108,tcp,-,FIN,10,6,1282,268,19.27753,11864.677,2303.0222,2,2,0,0,0,Fuzzers,1
0.778108,tcp,-,FIN,10,6,1282,268,19.27753,11864.677,2303.0222,2,2,0,0,0,Fuzzers,1
35.21572,tcp,-,FIN,20,14,1068,622,0.937081,230.57884,131.305,2,2,0,0,0,Fuzzers,1
0.625657,tcp,-,FIN,10,6,534,268,23.974796,6150.3345,2864.189,1,1,0,0,0,Fuzzers,1
1.025272,tcp,-,FIN,14,10,774,556,22.433071,5610.2183,3909.2065,1,1,0,0,0,Fuzzers,1
1.5e-05,ipv6,-,INT,2,0,86,0,66666.67,2.2933334e+07,0.0,1,1,0,0,0,Backdoor,1
0.798071,tcp,-,FIN,14,10,774,556,28.81949,7207.3784,5022.1094,1,1,0,0,0,Fuzzers,1
0.57168,tcp,-,FIN,10,6,1542,268,26.238455,19423.453,3134.6206,1,1,0,0,0,Fuzzers,1
0.488439,tcp,-,FIN,10,6,756,268,30.71008,11153.9,3668.8308,2,1,0,0,0,Fuzzers,1
0.61806,tcp,-,FIN,10,6,756,268,24.26949,8814.679,2899.395,1,1,0,0,0,Fuzzers,1
0.928003,tcp,-,FIN,10,8,756,354,18.318907,5870.6704,2672.405,1,1,0,0,0,Fuzzers,1
1.329347,tcp,-,FIN,16,12,860,642,20.310724,4856.5195,3544.5974,2,1,0,0,0,Fuzzers,1
0.788643,tcp,http,FIN,60,14,68195,612,92.564064,680246.94,5771.94,1,1,0,0,1,Fuzzers,1
0.507784,tcp,-,FIN,10,6,534,268,29.54012,7578.0254,3529.0596,1,1,0,0,0,Fuzzers,1
0.629826,tcp,-,FIN,10,6,756,268,23.816101,8650.008,2845.2302,1,1,0,0,0,Fuzzers,1
0.523583,tcp,-,FIN,10,6,756,268,28.648752,10405.228,3422.571,1,1,0,0,0,Fuzzers,1
0.462855,tcp,-,FIN,10,8,756,354,36.728565,11770.425,5358.0493,2,1,0,0,0,Fuzzers,1
0.575441,tcp,-,FIN,10,6,2550,268,26.066963,31905.965,3114.1333,1,1,0,0,0,Fuzzers,1
8e-06,udp,-,INT,2,0,104,0,125000.0,5.2e+07,0.0,3,1,0,0,0,Fuzzers,1
0.419267,tcp,-,FIN,10,8,756,354,40.546955,12994.106,5915.085,2,1,0,0,0,Fuzzers,1
3e-06,udp,-,INT,2,0,104,0,333333.3,1.3866666e+08,0.0,5,1,0,0,0,Fuzzers,1
2e-06,udp,-,INT,2,0,104,0,500000.0,2.08e+08,0.0,5,1,0,0,0,Fuzzers,1
0.822588,tcp,-,FIN,12,6,4694,268,20.666481,41848.41,2178.4902,1,1,0,0,0,Fuzzers,1
1e-05,sctp,-,INT,2,0,152,0,100000.0,6.08e+07,0.0,1,1,0,0,0,Fuzzers,1
0.937222,tcp,-,FIN,60,14,68181,612,77.88976,572287.06,4856.9067,1,1,0,0,1,Fuzzers,1
1e-05,sctp,-,INT,2,0,152,0,100000.0,6.08e+07,0.0,1,1,0,0,0,Backdoor,1
0.640185,tcp,-,FIN,12,10,1162,840,32.803017,13321.149,9447.27,1,1,0,0,0,Fuzzers,1
1.040622,tcp,-,FIN,14,8,1084,724,20.180239,7741.524,4874.0083,1,1,0,0,0,Fuzzers,1
5e-06,udp,-,INT,2,0,2640,0,200000.0,2.112e+09,0.0,2,1,0,0,0,Fuzzers,1
0.459474,tcp,-,FIN,10,8,756,354,36.99883,11857.036,5397.476,3,1,0,0,0,Fuzzers,1
1.057387,tcp,-,FIN,12,10,1226,798,19.860277,8503.982,5439.8247,1,1,0,0,0,Fuzzers,1
1.543901,tcp,-,FIN,12,8,2006,774,12.306489,9529.108,3513.1787,1,1,0,0,0,Fuzzers,1
0.668636,tcp,-,FIN,10,8,756,354,25.424894,8147.9307,3709.0435,2,1,0,0,0,Fuzzers,1
1.000002,tcp,-,FIN,12,8,980,726,18.999962,7191.9854,5087.9897,1,1,0,0,0,Fuzzers,1
0.404772,tcp,-,FIN,10,6,756,268,37.0579,13459.429,4427.1836,1,1,0,0,0,Fuzzers,1
0.503579,tcp,-,FIN,10,6,756,268,29.786785,10818.561,3558.5278,1,1,0,0,0,Fuzzers,1
1e-05,udp,-,INT,2,0,104,0,100000.0,4.16e+07,0.0,1,1,0,0,0,Fuzzers,1
0.630595,tcp,-,FIN,10,8,756,354,26.958666,8639.459,3932.7935,1,1,0,0,0,Fuzzers,1
0.878675,tcp,-,FIN,12,10,3042,830,23.899622,25392.78,6801.1494,1,1,0,0,0,Fuzzers,1
0.435826,tcp,-,FIN,12,8,2018,744,43.59538,33958.508,11949.723,1,1,0,0,0,Fuzzers,1
0.560076,tcp,-,FIN,12,8,1002,772,33.92397,13126.79,9655.832,2,1,0,0,0,Fuzzers,1
0.834541,tcp,-,FIN,22,10,17778,836,37.146168,162676.25,7218.339,1,1,0,0,0,Fuzzers,1
41.95047,udp,-,INT,4,0,208,0,0.071513,29.749369,0.0,1,1,0,0,0,Fuzzers,1
0.504994,tcp,-,FIN,10,6,756,268,29.703325,10788.247,3548.5571,2,1,0,0,0,Fuzzers,1
0.531356,tcp,-,FIN,12,8,3042,712,35.757572,41990.684,9379.776,1,1,0,0,0,Fuzzers,1
0.603435,tcp,-,FIN,10,6,534,268,24.85769,6376.826,2969.6655,2,2,0,0,0,Fuzzers,1
0.865435,tcp,-,FIN,12,8,1058,700,21.954277,8966.589,5666.5146,1,1,0,0,0,Fuzzers,1
1.013007,tcp,-,FIN,12,10,1058,828,20.730358,7660.3613,5891.3706,1,1,0,0,0,Fuzzers,1
9e-06,udp,-,INT,2,0,304,0,111111.11,1.351111e+08,0.0,3,1,0,0,0,Fuzzers,1
0.714854,tcp,-,FIN,12,8,1058,722,26.578854,10855.363,7072.773,1,1,0,0,0,Fuzzers,1
0.95817,tcp,-,FIN,10,8,756,354,17.742153,5685.839,2588.2673,1,1,0,0,0,Fuzzers,1
0.60806,tcp,-,FIN,10,8,534,354,27.957767,6328.3228,4078.545,3,3,0,0,0,Fuzzers,1
0.60806,tcp,-,FIN,10,8,534,354,27.957767,6328.3228,4078.545,3,3,0,0,0,Fuzzers,1
0.790022,tcp,-,FIN,12,10,1058,844,26.581537,9822.511,7695.9883,1,1,0,0,0,Fuzzers,1
53.54965,tcp,-,FIN,24,18,2144,1524,0.765645,307.00482,215.12746,2,2,0,0,0,Fuzzers,1
0.748205,tcp,-,FIN,12,8,1058,776,25.39411,10371.489,7260.0425,2,1,0,0,0,Fuzzers,1
44.66917,tcp,-,FIN,26,16,3154,1452,0.917859,543.1934,243.92662,2,2,0,0,0,Fuzzers,1
0.456567,tcp,-,FIN,10,6,588,268,32.853886,9286.698,3924.9443,1,1,0,0,0,Fuzzers,1
0.942812,tcp,-,FIN,60,14,68185,612,77.42795,568927.8,4828.11,1,1,0,0,1,Fuzzers,1
0.817035,tcp,-,FIN,14,8,1074,746,25.702694,9771.919,6393.8506,1,1,0,0,0,Fuzzers,1
0.911787,tcp,-,FIN,10,6,756,268,16.451212,5975.08,1965.3713,1,1,0,0,0,Fuzzers,1
8e-06,udp,-,INT,2,0,104,0,125000.0,5.2e+07,0.0,2,1,0,0,0,Fuzzers,1
0.712001,tcp,-,FIN,12,10,1036,812,29.49434,10674.142,8213.472,1,1,0,0,0,Fuzzers,1
0.751286,tcp,-,FIN,10,6,756,268,19.965767,7251.5664,2385.2437,1,1,0,0,0,Fuzzers,1
0.957034,tcp,-,FIN,22,10,17758,808,32.391743,141696.11,6085.4683,1,1,0,0,0,Fuzzers,1
5e-06,udp,-,INT,2,0,104,0,200000.0,8.32e+07,0.0,3,1,0,0,0,Fuzzers,1
3e-06,udp,-,INT,2,0,104,0,333333.3,1.3866666e+08,0.0,3,1,0,0,0,Fuzzers,1
3e-06,udp,-,INT,2,0,104,0,333333.3,1.3866666e+08,0.0,5,1,0,0,0,Fuzzers,1
1.401886,tcp,-,FIN,22,10,17764,830,22.113068,96766.78,4262.8286,1,1,0,0,0,Fuzzers,1
0.706089,tcp,-,FIN,10,6,756,268,21.24378,7715.741,2537.9236,1,1,0,0,0,Fuzzers,1
2.888513,ospf,-,INT,82,0,5248,0,28.042109,14357.56,0.0,1,1,0,0,0,Fuzzers,1
2.888513,ospf,-,INT,82,0,5248,0,28.042109,14357.56,0.0,1,1,0,0,0,Analysis,1
1.522331,tcp,-,FIN,10,8,756,354,11.167085,3578.7224,1629.0807,1,1,0,0,0,Fuzzers,1
1.230491,tcp,-,FIN,12,10,1234,804,17.066357,7359.6636,4707.064,1,1,0,0,0,Fuzzers,1
1.755375,tcp,-,FIN,22,12,17852,916,18.799402,77663.18,3828.2417,1,1,0,0,0,Fuzzers,1
1.041683,tcp,-,FIN,12,10,1040,802,20.159685,7326.6055,5544.873,1,1,0,0,0,Fuzzers,1
0.66963,tcp,-,FIN,10,6,756,268,22.40043,8135.8364,2676.1047,1,1,0,0,0,Fuzzers,1
0.828614,tcp,-,FIN,12,8,1042,720,22.929855,9229.871,6082.4463,1,1,0,0,0,Fuzzers,1
0.586728,tcp,-,FIN,12,8,1034,754,32.38298,12925.922,8999.06,1,1,0,0,0,Fuzzers,1
3e-06,udp,-,INT,2,0,104,0,333333.3,1.3866666e+08,0.0,2,1,0,0,0,Fuzzers,1
0.858313,tcp,-,FIN,10,8,534,354,19.806293,4483.213,2889.3887,1,1,0,0,0,Fuzzers,1
6e-06,udp,-,INT,2,0,104,0,166666.66,6.933333e+07,0.0,3,1,0,0,0,Fuzzers,1
1.274868,tcp,-,FIN,12,10,1142,836,16.472294,6570.092,4725.195,1,1,0,0,0,Fuzzers,1
0.311889,tcp,-,FIN,10,6,756,268,48.094036,17467.754,5745.634,2,1,0,0,0,Fuzzers,1
0.773903,tcp,-,FIN,12,10,1046,810,27.135183,9913.387,7535.828,1,1,0,0,0,Fuzzers,1
4e-06,udp,-,INT,2,0,104,0,250000.0,1.04e+08,0.0,1,1,0,0,0,Fuzzers,1
0.615386,tcp,-,FIN,10,6,756,268,24.374945,8852.9795,2911.9934,1,1,0,0,0,Fuzzers,1
0.952181,tcp,-,FIN,12,10,1080,788,22.05463,8317.746,5965.2524,2,2,0,0,0,Fuzzers,1
9e-06,udp,-,INT,2,0,184,0,111111.11,8.177778e+07,0.0,3,1,0,0,0,Fuzzers,1
4e-06,udp,-,INT,2,0,264,0,250000.0,2.64e+08,0.0,3,1,0,0,0,Fuzzers,1
9e-06,udp,-,INT,2,0,104,0,111111.11,4.622222e+07,0.0,2,1,0,0,0,Fuzzers,1
6e-06,udp,-,INT,2,0,104,0,166666.66,6.933333e+07,0.0,1,1,0,0,0,Fuzzers,1
1e-05,udp,-,INT,2,0,544,0,100000.0,2.176e+08,0.0,2,1,0,0,0,Fuzzers,1
0.940276,tcp,-,FIN,10,8,534,354,18.079798,4092.4153,2637.5234,1,1,0,0,0,Fuzzers,1
1e-05,udp,-,INT,2,0,664,0,100000.0,2.656e+08,0.0,1,1,0,0,0,Fuzzers,1
2.152099,tcp,-,FIN,14,8,8834,354,9.757916,30493.023,1152.3634,3,1,0,0,0,Fuzzers,1
0.78126,tcp,-,FIN,14,10,774,556,29.439623,7362.466,5130.1743,2,1,0,0,0,Fuzzers,1
3e-06,udp,-,INT,2,0,104,0,333333.3,1.3866666e+08,0.0,1,1,0,0,0,Fuzzers,1
1.5e-05,ipv6,-,INT,2,0,86,0,66666.67,2.2933334e+07,0.0,1,1,0,0,0,Fuzzers,1
3e-06,udp,-,INT,2,0,104,0,333333.3,1.3866666e+08,0.0,1,1,0,0,0,Fuzzers,1
1e-05,udp,-,INT,2,0,104,0,100000.0,4.16e+07,0.0,1,1,0,0,0,Fuzzers,1
6e-06,udp,-,INT,2,0,704,0,166666.66,4.693333e+08,0.0,2,1,0,0,0,Fuzzers,1
1.1e-05,udp,-,INT,2,0,104,0,90909.09,3.781818e+07,0.0,2,1,0,0,0,Fuzzers,1
0.658425,tcp,-,FIN,20,8,17286,354,41.00695,199530.7,3766.5642,2,2,0,0,0,Fuzzers,1
0.629777,tcp,-,FIN,10,6,534,268,23.817953,6110.099,2845.4517,2,2,0,0,0,Fuzzers,1
9e-06,udp,-,INT,2,0,504,0,111111.11,2.24e+08,0.0,3,1,0,0,0,Fuzzers,1
0.601407,tcp,-,FIN,10,6,534,268,24.941513,6398.329,2979.6794,2,1,0,0,0,Fuzzers,1
0.596136,sctp,-,CON,4,2,536,440,8.387348,5394.742,2952.3467,1,1,0,0,0,Analysis,1
1.024128,tcp,-,FIN,10,8,534,354,16.599487,3757.343,2421.5725,1,1,0,0,0,Fuzzers,1
1e-06,udp,-,INT,2,0,1024,0,1e+06,4.096e+09,0.0,2,1,0,0,0,Fuzzers,1
1.297935,tcp,-,FIN,10,8,1014,354,13.097728,5627.4004,1910.7274,1,1,0,0,0,Fuzzers,1
0.497825,tcp,-,FIN,8,8,364,374,30.13107,5126.2993,5270.9287,1,1,0,0,0,Backdoor,1
2e-06,udp,-,INT,2,0,2024,0,500000.0,4.048e+09,0.0,4,1,0,0,0,Fuzzers,1
1.1e-05,udp,-,INT,2,0,2704,0,90909.09,9.832727e+08,0.0,2,1,0,0,0,Fuzzers,1
0.569347,tcp,-,FIN,10,6,1526,268,26.34597,19306.328,3147.4653,1,1,0,0,0,Fuzzers,1
0.299034,tcp,-,FIN,10,6,588,268,50.16152,14178.989,5992.6294,1,1,0,0,0,Fuzzers,1
32.022385,tcp,-,FIN,20,12,1176,536,0.968073,279.30463,122.91402,2,2,0,0,0,Fuzzers,1
9e-06,udp,-,INT,2,0,104,0,111111.11,4.622222e+07,0.0,2,1,0,0,0,Fuzzers,1
6e-06,udp,-,INT,2,0,104,0,166666.66,6.933333e+07,0.0,1,1,0,0,0,Fuzzers,1
9e-06,udp,-,INT,2,0,104,0,111111.11,4.622222e+07,0.0,1,1,0,0,0,Fuzzers,1
0.876665,tcp,-,FIN,10,8,1526,354,19.391672,12538.427,2828.9028,1,1,0,0,0,Fuzzers,1
6e-06,udp,-,INT,2,0,104,0,166666.66,6.933333e+07,0.0,1,1,0,0,0,Fuzzers,1
0.755607,tcp,-,FIN,60,14,68183,612,96.61107,709861.06,6024.2954,1,1,0,0,1,Fuzzers,1
43.314888,tcp,-,FIN,20,14,1512,622,0.761863,265.40527,106.753136,2,2,0,0,0,Fuzzers,1
0.900617,tcp,-,FIN,60,14,68183,612,81.05554,595565.06,5054.313,1,1,0,0,1,Fuzzers,1
0.924692,tcp,-,FIN,10,8,756,354,18.3845,5891.692,2681.974,1,1,0,0,0,Fuzzers,1
0.54327,tcp,-,FIN,10,6,756,268,27.61058,10028.163,3298.544,2,1,0,0,0,Fuzzers,1
8e-06,udp,-,INT,2,0,104,0,125000.0,5.2e+07,0.0,2,1,0,0,0,Fuzzers,1
0.727885,tcp,-,FIN,10,6,756,268,20.60765,7484.6987,2461.9272,1,1,0,0,0,Fuzzers,1
0.775347,tcp,-,FIN,10,8,756,354,21.925667,7026.5312,3198.5679,1,1,0,0,0,Fuzzers,1
0.98383,tcp,-,FIN,8,8,364,442,15.246537,2593.944,3146.8853,1,1,0,0,0,Backdoor,1
0.662371,tcp,-,FIN,10,8,756,354,25.665377,8224.998,3744.1255,1,1,0,0,0,Fuzzers,1
0.669289,tcp,-,FIN,10,6,756,268,22.411842,8139.9814,2677.4683,1,1,0,0,0,Fuzzers,1
17.330788,ospf,-,INT,28,0,12832,0,1.557921,5711.916,0.0,1,1,0,0,0,Fuzzers,1
0.631593,tcp,-,FIN,10,6,2550,268,23.749472,29069.354,2837.2703,1,1,0,0,0,Fuzzers,1
1.339421,tcp,-,FIN,10,8,1014,354,12.692051,5453.1025,1851.5463,1,1,0,0,0,Fuzzers,1
0.434664,tcp,-,FIN,10,6,2550,268,34.509415,42239.523,4122.7246,1,1,0,0,0,Fuzzers,1
0.490007,tcp,-,FIN,10,6,588,268,30.611807,8652.9375,3657.0906,2,1,0,0,0,Fuzzers,1
0.288316,tcp,-,FIN,10,6,588,268,52.026245,14706.086,6215.4023,2,1,0,0,0,Fuzzers,1
0.896357,tcp,-,FIN,60,14,68195,612,81.440765,598502.6,5078.334,1,1,0,0,1,Fuzzers,1
0.488658,tcp,-,FIN,8,8,364,566,30.696316,5222.4663,8120.198,1,1,0,0,0,Backdoor,1
0.256276,tcp,-,FIN,10,6,588,268,58.530643,16544.662,6992.461,2,1,0,0,0,Fuzzers,1
0.552245,tcp,-,FIN,10,6,588,268,27.161856,7677.7515,3244.9365,2,1,0,0,0,Fuzzers,1
0.827199,tcp,http,FIN,60,14,68189,612,88.249626,648482.44,5502.908,1,1,0,0,1,Fuzzers,1
1.183736,tcp,-,FIN,60,14,68187,612,61.66916,453148.34,3845.4521,2,1,0,0,1,Fuzzers,1
3e-06,udp,-,INT,2,0,344,0,333333.3,4.5866666e+08,0.0,3,1,0,0,0,Fuzzers,1
9e-06,udp,-,INT,2,0,464,0,111111.11,2.062222e+08,0.0,3,1,0,0,0,Fuzzers,1
4e-06,udp,-,INT,2,0,104,0,250000.0,1.04e+08,0.0,4,1,0,0,0,Fuzzers,1
5e-06,udp,-,INT,2,0,624,0,200000.0,4.992e+08,0.0,2,1,0,0,0,Fuzzers,1
19.299595,udp,-,INT,4,0,414,0,0.155444,128.91463,0.0,1,1,0,0,0,Fuzzers,1
9e-06,udp,-,INT,2,0,104,0,111111.11,4.622222e+07,0.0,2,1,0,0,0,Fuzzers,1
5e-06,udp,-,INT,2,0,104,0,200000.0,8.32e+07,0.0,7,1,0,0,0,Fuzzers,1
5e-06,udp,-,INT,2,0,2664,0,200000.0,2.1312e+09,0.0,2,1,0,0,0,Fuzzers,1
8e-06,udp,-,INT,2,0,104,0,125000.0,5.2e+07,0.0,7,1,0,0,0,Fuzzers,1
3e-06,udp,-,INT,2,0,104,0,333333.3,1.3866666e+08,0.0,7,1,0,0,0,Fuzzers,1
0.61917,tcp,-,FIN,10,6,534,268,24.22598,6214.7715,2894.197,1,1,0,0,0,Fuzzers,1
9e-06,udp,-,INT,2,0,216,0,111111.11,9.6e+07,0.0,2,1,0,0,0,Fuzzers,1
59.883865,udp,dns,INT,254,0,44196,0,4.224844,5880.983,0.0,1,1,0,0,0,Fuzzers,1
0.713938,tcp,-,FIN,10,6,588,268,21.010227,5938.891,2510.022,1,1,0,0,0,Fuzzers,1
3e-06,udp,-,INT,2,0,186,0,333333.3,2.4799998e+08,0.0,3,1,0,0,0,Fuzzers,1
9e-06,udp,-,INT,2,0,104,0,111111.11,4.622222e+07,0.0,2,1,0,0,0,Fuzzers,1
9e-06,udp,-,INT,2,0,104,0,111111.11,4.622222e+07,0.0,3,1,0,0,0,Fuzzers,1
9e-06,udp,-,INT,2,0,104,0,111111.11,4.622222e+07,0.0,3,1,0,0,0,Fuzzers,1
9e-06,udp,-,INT,2,0,164,0,111111.11,7.288889e+07,0.0,2,1,0,0,0,Fuzzers,1
1.030197,tcp,-,FIN,10,8,534,354,16.501698,3735.2078,2407.3064,2,1,0,0,0,Fuzzers,1
8e-06,udp,-,INT,2,0,104,0,125000.0,5.2e+07,0.0,2,1,0,0,0,Fuzzers,1
8e-06,udp,-,INT,2,0,104,0,125000.0,5.2e+07,0.0,5,1,0,0,0,Fuzzers,1
0.48746,tcp,-,FIN,12,8,1162,734,38.97756,17494.77,10552.661,2,2,0,0,0,Fuzzers,1
0.800454,tcp,-,FIN,10,8,534,354,21.237947,4807.272,3098.2417,2,1,0,0,0,Fuzzers,1
0.703813,tcp,-,FIN,12,10,3042,786,29.83747,31701.602,8047.592,1,1,0,0,0,Fuzzers,1
0.803823,tcp,-,FIN,12,8,3042,700,23.637045,27757.355,6100.8457,1,1,0,0,0,Fuzzers,1
0.175807,udp,-,CON,2,2,76,122,17.064167,1729.169,2775.7712,1,1,0,0,0,Backdoor,1
0.873816,tcp,-,FIN,12,8,1002,692,21.743708,8413.671,5548.0786,1,1,0,0,0,Fuzzers,1
1.690336,tcp,-,FIN,12,10,1044,824,12.423566,4529.277,3511.7278,1,1,0,0,0,Fuzzers,1
3e-06,udp,-,INT,2,0,200,0,333333.3,2.6666666e+08,0.0,2,1,0,0,0,Fuzzers,1
8e-06,udp,-,INT,2,0,206,0,125000.0,1.03e+08,0.0,2,1,0,0,0,Fuzzers,1
9e-06,udp,-,INT,2,0,192,0,111111.11,8.533333e+07,0.0,2,1,0,0,0,Fuzzers,1
30.201363,udp,-,INT,4,0,388,0,0.099333,77.08261,0.0,2,1,0,0,0,Fuzzers,1
31.048857,udp,-,INT,4,0,392,0,0.096622,75.75158,0.0,2,1,0,0,0,Fuzzers,1
4e-06,udp,-,INT,2,0,104,0,250000.0,1.04e+08,0.0,5,1,0,0,0,Fuzzers,1
8e-06,udp,-,INT,2,0,104,0,125000.0,5.2e+07,0.0,4,1,0,0,0,Fuzzers,1
4e-06,udp,-,INT,2,0,104,0,250000.0,1.04e+08,0.0,7,1,0,0,0,Fuzzers,1
3e-06,udp,-,INT,2,0,104,0,333333.3,1.3866666e+08,0.0,3,1,0,0,0,Fuzzers,1
0.17352,tcp,-,FIN,8,8,364,554,86.445366,14707.238,22360.535,1,1,0,0,0,Backdoor,1
28.7034,udp,-,INT,4,0,392,0,0.104517,81.94151,0.0,1,1,0,0,0,Fuzzers,1
0.636104,tcp,-,FIN,12,8,1058,732,29.86933,12199.264,8061.575,1,1,0,0,0,Fuzzers,1
8e-06,udp,-,INT,2,0,104,0,125000.0,5.2e+07,0.0,4,1,0,0,0,Fuzzers,1
8e-06,udp,-,INT,2,0,204,0,125000.0,1.02e+08,0.0,2,1,0,0,0,Fuzzers,1
0.596136,sctp,-,CON,4,2,536,440,8.387348,5394.742,2952.3467,1,1,0,0,0,Fuzzers,1
0.596136,sctp,-,CON,4,2,536,440,8.387348,5394.742,2952.3467,1,1,0,0,0,Backdoor,1
0.345442,tcp,-,FIN,12,8,1122,764,55.002,23830.34,15493.194,2,1,0,0,0,Fuzzers,1
3e-06,udp,-,INT,2,0,178,0,333333.3,2.3733333e+08,0.0,1,1,0,0,0,Fuzzers,1
3.2e-05,udp,-,INT,2,0,172,0,31250.0,2.15e+07,0.0,3,1,0,0,0,Fuzzers,1
0.548317,tcp,-,FIN,12,10,1122,814,38.29901,15013.213,10694.543,2,1,0,0,0,Fuzzers,1
38.78433,tcp,-,FIN,24,16,1998,1478,1.005561,395.0049,285.88867,2,2,0,0,0,Fuzzers,1
5e-06,udp,-,INT,2,0,104,0,200000.0,8.32e+07,0.0,7,1,0,0,0,Fuzzers,1
8e-06,udp,-,INT,2,0,104,0,125000.0,5.2e+07,0.0,1,1,0,0,0,Fuzzers,1
8e-06,udp,-,INT,2,0,104,0,125000.0,5.2e+07,0.0,3,1,0,0,0,Fuzzers,1
0.88884,tcp,-,FIN,12,10,1002,852,23.626299,8271.455,6903.3794,1,1,0,0,0,Fuzzers,1
9e-06,udp,-,INT,2,0,104,0,111111.11,4.622222e+07,0.0,5,1,0,0,0,Fuzzers,1
8e-06,udp,-,INT,2,0,188,0,125000.0,9.4e+07,0.0,2,1,0,0,0,Fuzzers,1
8e-06,udp,-,INT,2,0,104,0,125000.0,5.2e+07,0.0,4,1,0,0,0,Fuzzers,1
9e-06,udp,-,INT,2,0,104,0,111111.11,4.622222e+07,0.0,3,1,0,0,0,Fuzzers,1
6e-06,udp,-,INT,2,0,104,0,166666.66,6.933333e+07,0.0,5,1,0,0,0,Fuzzers,1
0.973793,tcp,-,FIN,12,10,1058,838,21.565157,7968.8394,6202.55,1,1,0,0,0,Fuzzers,1
1.071394,tcp,-,FIN,12,10,1058,778,19.600634,7242.9004,5234.3022,1,1,0,0,0,Fuzzers,1
0.408685,tcp,-,FIN,10,6,622,268,36.703083,10961.988,4384.795,2,1,0,0,0,Fuzzers,1
3e-06,udp,-,INT,2,0,104,0,333333.3,1.3866666e+08,0.0,3,1,0,0,0,Fuzzers,1
8e-06,udp,-,INT,2,0,188,0,125000.0,9.4e+07,0.0,2,1,0,0,0,Fuzzers,1
0.280538,tcp,-,FIN,10,6,534,268,53.468693,13716.502,6387.7266,2,1,0,0,0,Fuzzers,1
3e-06,udp,-,INT,2,0,170,0,333333.3,2.2666666e+08,0.0,2,1,0,0,0,Fuzzers,1
1e-05,udp,-,INT,2,0,1106,0,100000.0,4.424e+08,0.0,2,1,0,0,0,Fuzzers,1
3e-06,udp,-,INT,2,0,104,0,333333.3,1.3866666e+08,0.0,5,1,0,0,0,Fuzzers,1
4e-06,udp,-,INT,2,0,1884,0,250000.0,1.884e+09,0.0,1,1,0,0,0,Fuzzers,1
0.538644,tcp,http,FIN,60,14,68199,612,135.5255,996027.06,8450.851,1,1,0,0,1,Fuzzers,1
5e-06,udp,-,INT,2,0,400,0,200000.0,3.2e+08,0.0,3,1,0,0,0,Fuzzers,1
1.3e-05,udp,-,INT,2,0,240,0,76923.08,7.384615e+07,0.0,1,1,0,0,0,Shellcode,1
0.29487,tcp,-,FIN,10,6,528,268,50.869877,12914.166,6077.2544,2,1,0,0,0,Fuzzers,1
0.173726,tcp,-,FIN,10,6,756,268,86.34286,31359.727,10315.094,2,1,0,0,0,Fuzzers,1
3.3e-05,udp,-,INT,2,0,1438,0,30303.03,1.7430302e+08,0.0,3,1,0,0,0,Fuzzers,1
0.361446,tcp,-,FIN,10,6,756,268,41.499977,15072.791,4957.864,2,1,0,0,0,Fuzzers,1
3e-06,udp,-,INT,2,0,300,0,333333.3,4e+08,0.0,3,1,0,0,0,Fuzzers,1
2e-06,udp,-,INT,2,0,220,0,500000.0,4.4e+08,0.0,3,1,0,0,0,Fuzzers,1
0.199274,tcp,-,FIN,10,6,610,268,75.27324,22040.004,8992.644,1,1,0,0,0,Shellcode,1
0.489954,tcp,-,FIN,10,8,756,354,34.697136,11119.411,5061.6997,2,1,0,0,0,Fuzzers,1
0.470318,tcp,-,FIN,10,8,756,354,36.14576,11583.652,5273.0283,3,1,0,0,0,Fuzzers,1
0.468508,tcp,-,FIN,10,8,756,354,36.2854,11628.403,5293.3994,2,1,0,0,0,Fuzzers,1
0.500913,tcp,-,FIN,12,10,1614,804,41.923447,23636.838,11562.886,1,1,0,0,0,Fuzzers,1
8e-06,udp,-,INT,2,0,216,0,125000.0,1.08e+08,0.0,1,1,0,0,0,Fuzzers,1
0.471063,tcp,-,FIN,10,8,756,354,36.088593,11565.332,5264.689,2,1,0,0,0,Fuzzers,1
0.797497,tcp,-,FIN,36,12,35074,882,58.934395,342070.25,8115.391,2,1,0,0,0,Fuzzers,1
0.670912,tcp,-,FIN,36,12,35058,898,70.053894,406431.8,9825.432,2,1,0,0,0,Fuzzers,1
0.659893,tcp,-,FIN,12,10,1258,798,31.823341,13990.147,8716.565,1,1,0,0,0,Fuzzers,1
0.711418,tcp,-,FIN,14,10,5506,814,32.3298,57496.438,8242.693,1,1,0,0,0,Fuzzers,1
0.658304,tcp,-,FIN,12,8,3382,708,28.862047,37684.72,7534.513,1,1,0,0,0,Fuzzers,1
0.62202,tcp,-,FIN,12,10,1258,832,33.76097,14841.967,9633.131,2,1,0,0,0,Fuzzers,1
0.545979,tcp,http,FIN,60,14,68199,612,133.70477,982645.8,8337.316,2,1,0,0,1,Fuzzers,1
0.47417,tcp,-,FIN,10,8,756,354,35.85212,11489.55,5230.192,1,1,0,0,0,Fuzzers,1
1.00464,tcp,-,FIN,12,10,1450,804,20.90301,10590.858,5765.2495,3,2,0,0,0,Fuzzers,1
0.225643,tcp,-,FIN,10,6,756,268,66.47669,24144.334,7941.749,3,1,0,0,0,Fuzzers,1
0.53023,tcp,-,FIN,12,8,1450,710,35.833508,20066.764,9384.606,1,1,0,0,0,Fuzzers,1
1.39924,tcp,-,FIN,12,8,1012,726,13.5788,5305.7373,3636.2595,2,1,0,0,0,Fuzzers,1
0.674912,tcp,-,FIN,12,8,3054,760,28.15182,33189.51,7882.5093,1,1,0,0,0,Fuzzers,1
0.427029,tcp,-,FIN,10,6,756,268,35.12642,12757.915,4196.436,2,1,0,0,0,Fuzzers,1
0.906294,tcp,-,FIN,12,10,1066,826,23.17129,8632.96,6567.4053,1,1,0,0,0,Fuzzers,1
0.83679,tcp,-,FIN,12,10,3050,828,25.095901,26730.72,7132.016,1,1,0,0,0,Fuzzers,1
35.186535,udp,dns,INT,116,0,11136,0,3.268296,2510.051,0.0,2,2,0,0,0,Fuzzers,1
8e-06,udp,-,INT,2,0,214,0,125000.0,1.07e+08,0.0,2,1,0,0,0,Fuzzers,1
0.5537,tcp,-,FIN,12,8,1062,758,34.314613,14072.604,9593.644,2,1,0,0,0,Fuzzers,1
0.697371,tcp,-,FIN,12,8,1000,716,27.245182,10519.508,7192.728,1,1,0,0,0,Fuzzers,1
0.742014,tcp,-,FIN,12,8,1066,744,25.605986,10544.275,7018.7354,1,1,0,0,0,Fuzzers,1
0.784043,tcp,-,FIN,12,8,1066,728,24.233364,9979.044,6499.6436,1,1,0,0,0,Fuzzers,1
0.831242,tcp,-,FIN,12,8,1066,716,22.857363,9412.421,6034.3438,1,1,0,0,0,Fuzzers,1
0.476562,tcp,-,FIN,10,6,756,268,31.475443,11431.881,3760.2664,2,1,0,0,0,Fuzzers,1
0.788916,tcp,-,FIN,12,8,1066,726,24.08368,9917.405,6449.356,1,1,0,0,0,Fuzzers,1
5e-06,udp,-,INT,2,0,200,0,200000.0,1.6e+08,0.0,2,1,0,0,0,Fuzzers,1
0.499826,tcp,-,FIN,10,6,756,268,30.010443,10899.793,3585.2476,2,1,0,0,0,Fuzzers,1
0.912009,tcp,http,FIN,10,6,1014,268,16.447206,8008.693,1964.893,1,1,0,0,1,Backdoor,1
6e-06,udp,-,INT,2,0,1108,0,166666.66,7.386666e+08,0.0,15,1,0,0,0,Fuzzers,1
6e-06,udp,-,INT,2,0,1044,0,166666.66,6.96e+08,0.0,15,1,0,0,0,Fuzzers,1
1.1e-05,udp,-,INT,2,0,788,0,90909.09,2.8654544e+08,0.0,15,1,0,0,0,Fuzzers,1
1.1e-05,udp,-,INT,2,0,1268,0,90909.09,4.610909e+08,0.0,5,1,0,0,0,Fuzzers,1
0.503572,tcp,-,FIN,12,8,1250,712,37.730453,18205.938,9897.294,2,1,0,0,0,Fuzzers,1
4e-06,udp,-,INT,2,0,278,0,250000.0,2.78e+08,0.0,14,1,0,0,0,Fuzzers,1
9e-06,udp,-,INT,2,0,400,0,111111.11,1.7777778e+08,0.0,6,1,0,0,0,Fuzzers,1
1.1e-05,udp,-,INT,2,0,1934,0,90909.09,7.032727e+08,0.0,13,1,0,0,0,Fuzzers,1
1e-05,udp,-,INT,2,0,1716,0,100000.0,6.864e+08,0.0,13,1,0,0,0,Fuzzers,1
0.48746,tcp,-,FIN,12,8,1162,734,38.97756,17494.77,10552.661,2,2,0,0,0,Fuzzers,1
0.683435,tcp,-,FIN,10,8,756,354,24.874348,7971.4966,3628.7283,1,1,0,0,0,Fuzzers,1
0.179422,tcp,http,FIN,10,6,888,268,83.60178,35670.094,9987.627,1,1,0,0,1,Reconnaissance,1
4e-06,udp,-,INT,2,0,168,0,250000.0,1.68e+08,0.0,1,1,0,0,0,Reconnaissance,1
17.625374,sctp,-,CON,250,24,248562,1652,15.489033,112368.91,718.9635,1,1,0,0,0,Backdoor,1
0.649247,tcp,-,FIN,10,8,564,354,26.18418,6259.559,3819.8098,1,1,0,0,0,Reconnaissance,1
0.829405,tcp,-,FIN,14,12,774,642,30.14209,6935.092,5681.181,1,1,0,0,0,Fuzzers,1
0.683454,tcp,-,FIN,10,6,756,268,21.947346,7971.2754,2621.976,1,1,0,0,0,Fuzzers,1
0.638471,tcp,-,FIN,10,8,564,354,26.62611,6365.207,3884.2798,1,1,0,0,0,Reconnaissance,1
44.66917,tcp,-,FIN,26,16,3154,1452,0.917859,543.1934,243.92662,2,2,0,0,0,Fuzzers,1
9e-06,udp,-,INT,2,0,168,0,111111.11,7.4666664e+07,0.0,1,1,0,0,0,Reconnaissance,1
0.718245,tcp,-,FIN,12,8,1142,748,26.453367,11661.759,7295.5605,1,1,0,0,0,Fuzzers,1
0.209777,tcp,http,FIN,10,6,908,268,71.5045,31195.031,8542.404,1,1,0,0,1,Fuzzers,1
0.602076,tcp,ftp,FIN,12,12,586,682,38.201157,7148.599,8317.887,1,1,0,0,0,Fuzzers,1
0.226868,tcp,http,FIN,10,6,830,268,66.117744,26341.309,7898.866,1,1,0,0,1,Reconnaissance,1
0.759962,tcp,-,FIN,14,12,774,642,32.89638,7568.7993,6200.31,1,1,0,0,0,Fuzzers,1
0.445172,tcp,-,FIN,12,8,3044,744,42.68013,50155.895,11698.849,2,1,0,0,0,Fuzzers,1
0.674827,tcp,-,FIN,12,10,1260,800,31.119087,13692.398,8535.521,1,1,0,0,0,Fuzzers,1
0.641678,tcp,-,FIN,12,10,2026,842,32.726696,23164.268,9450.223,2,1,0,0,0,Fuzzers,1
1.8e-05,udp,-,INT,3,0,3028,0,111111.11,8.973333e+08,0.0,2,1,0,0,0,Fuzzers,1
0.832441,tcp,-,FIN,10,8,564,354,20.421867,4882.028,2979.1902,1,1,0,0,0,Reconnaissance,1
4e-06,udp,-,INT,2,0,392,0,250000.0,3.92e+08,0.0,1,1,0,0,0,Shellcode,1
0.68952,tcp,-,FIN,10,8,564,354,24.654833,5893.955,3596.7048,1,1,0,0,0,Reconnaissance,1
0.193383,tcp,http,FIN,10,6,864,268,77.566284,32184.836,9266.585,2,1,0,0,1,Reconnaissance,1
0.633506,tcp,-,FIN,10,8,564,354,26.83479,6415.0933,3914.7222,1,1,0,0,0,Reconnaissance,1
3e-06,udp,-,INT,2,0,168,0,333333.3,2.24e+08,0.0,1,1,0,0,0,Reconnaissance,1
0.742081,tcp,-,FIN,12,8,986,744,25.603674,9745.567,7018.102,1,1,0,0,0,Fuzzers,1
3e-06,udp,-,INT,2,0,168,0,333333.3,2.24e+08,0.0,1,1,0,0,0,Reconnaissance,1
3.680949,udp,dns,INT,116,0,9048,0,31.241943,19494.973,0.0,1,1,0,0,0,Fuzzers,1
0.28661,tcp,-,FIN,12,8,998,728,66.292175,25539.932,17780.258,1,1,0,0,0,Fuzzers,1
0.546223,tcp,-,FIN,12,10,998,830,38.445835,13401.12,10940.587,2,1,0,0,0,Fuzzers,1
0.714591,tcp,-,FIN,14,10,774,556,32.18624,8049.3594,5608.8027,2,1,0,0,0,Fuzzers,1
0.349829,tcp,-,FIN,12,8,998,718,54.312252,20924.51,14384.171,2,1,0,0,0,Fuzzers,1
9e-06,udp,-,INT,2,0,168,0,111111.11,7.4666664e+07,0.0,1,1,0,0,0,Reconnaissance,1
0.484749,tcp,-,FIN,12,8,998,706,39.19554,15100.599,10199.093,2,1,0,0,0,Fuzzers,1
0.623236,tcp,-,FIN,12,8,998,728,30.486044,11745.149,8176.6777,1,1,0,0,0,Fuzzers,1
0.675768,tcp,-,FIN,12,10,998,840,31.075752,10832.119,8949.816,1,1,0,0,0,Fuzzers,1
0.801351,tcp,-,FIN,12,8,1066,734,23.709959,9763.512,6419.1597,1,1,0,0,0,Fuzzers,1
8e-06,udp,-,INT,2,0,168,0,125000.0,8.4e+07,0.0,1,1,0,0,0,Reconnaissance,1
0.488933,tcp,-,FIN,12,8,998,732,38.86013,14971.377,10488.145,2,1,0,0,0,Fuzzers,1
0.245386,tcp,http,FIN,10,6,878,268,61.12818,25787.941,7302.78,1,1,0,0,1,Reconnaissance,1
0.282936,tcp,-,FIN,12,8,998,708,67.15299,25871.574,17530.467,2,1,0,0,0,Fuzzers,1
0.425681,tcp,-,FIN,12,8,998,694,44.63436,17195.977,11426.396,2,1,0,0,0,Fuzzers,1
0.060733,udp,-,CON,4,2,228,91,82.32756,22524.82,6059.3086,1,1,0,0,0,Backdoor,1
0.607412,tcp,-,FIN,10,8,620,354,27.987595,7349.213,4082.896,2,1,0,0,0,Fuzzers,1
0.306389,tcp,-,FIN,10,6,578,268,48.95737,13603.621,5848.774,2,1,0,0,0,Fuzzers,1
0.467599,tcp,-,FIN,10,6,580,268,32.07877,8930.7295,3832.3435,2,1,0,0,0,Fuzzers,1
